id,firstname,lastname,email,email2,profession
1000,Delilah,Hollingsworth,Delilah.Hollingsworth@yopmail.com,Delilah.Hollingsworth@gmail.com,developer
1001,Darlleen,Autrey,Darlleen.Autrey@yopmail.com,Darlleen.Autrey@gmail.com,police officer
1002,Dale,Tufts,Dale.Tufts@yopmail.com,Dale.Tufts@gmail.com,worker
1003,Karly,Saint,Karly.Saint@yopmail.com,Karly.Saint@gmail.com,doctor
1004,Jacenta,Isidore,Jacenta.Isidore@yopmail.com,Jacenta.Isidore@gmail.com,police officer
1005,Daryl,Barrus,Daryl.Barrus@yopmail.com,Daryl.Barrus@gmail.com,police officer
1006,Heddie,Deegan,Heddie.Deegan@yopmail.com,Heddie.Deegan@gmail.com,firefighter
1007,Ashlee,Nickola,Ashlee.Nickola@yopmail.com,Ashlee.Nickola@gmail.com,firefighter
1008,Ricky,Juliet,Ricky.Juliet@yopmail.com,Ricky.Juliet@gmail.com,firefighter
1009,Brandise,Suanne,Brandise.Suanne@yopmail.com,Brandise.Suanne@gmail.com,police officer
1010,Karolina,Esmaria,Karolina.Esmaria@yopmail.com,Karolina.Esmaria@gmail.com,firefighter
1011,Feliza,Georgy,Feliza.Georgy@yopmail.com,Feliza.Georgy@gmail.com,doctor
1012,Marinna,Clarissa,Marinna.Clarissa@yopmail.com,Marinna.Clarissa@gmail.com,developer
1013,Allis,Berriman,Allis.Berriman@yopmail.com,Allis.Berriman@gmail.com,worker
1014,Basia,Miru,Basia.Miru@yopmail.com,Basia.Miru@gmail.com,police officer
1015,Fidelia,Malina,Fidelia.Malina@yopmail.com,Fidelia.Malina@gmail.com,firefighter
1016,Deirdre,Baylor,Deirdre.Baylor@yopmail.com,Deirdre.Baylor@gmail.com,firefighter
1017,Mahalia,Edmund,Mahalia.Edmund@yopmail.com,Mahalia.Edmund@gmail.com,firefighter
1018,Daphne,Christal,Daphne.Christal@yopmail.com,Daphne.Christal@gmail.com,firefighter
1019,Jaime,Phi,Jaime.Phi@yopmail.com,Jaime.Phi@gmail.com,worker
1020,Constance,Diann,Constance.Diann@yopmail.com,Constance.Diann@gmail.com,police officer
1021,Brandise,Charmine,Brandise.Charmine@yopmail.com,Brandise.Charmine@gmail.com,worker
1022,Elie,Ovid,Elie.Ovid@yopmail.com,Elie.Ovid@gmail.com,worker
1023,Kathi,Longfellow,Kathi.Longfellow@yopmail.com,Kathi.Longfellow@gmail.com,police officer
1024,Nikki,Hachmin,Nikki.Hachmin@yopmail.com,Nikki.Hachmin@gmail.com,doctor
1025,Neila,Bearnard,Neila.Bearnard@yopmail.com,Neila.Bearnard@gmail.com,doctor
1026,Gratia,Karylin,Gratia.Karylin@yopmail.com,Gratia.Karylin@gmail.com,developer
1027,Gui,O'Neill,Gui.O'Neill@yopmail.com,Gui.O'Neill@gmail.com,developer
1028,Sharlene,Lesley,Sharlene.Lesley@yopmail.com,Sharlene.Lesley@gmail.com,worker
1029,Livvyy,Pascia,Livvyy.Pascia@yopmail.com,Livvyy.Pascia@gmail.com,doctor
1030,Averyl,Carey,Averyl.Carey@yopmail.com,Averyl.Carey@gmail.com,worker
1031,Allyce,Alisia,Allyce.Alisia@yopmail.com,Allyce.Alisia@gmail.com,developer
1032,Mamie,Juan,Mamie.Juan@yopmail.com,Mamie.Juan@gmail.com,developer
1033,Rosabelle,Wadell,Rosabelle.Wadell@yopmail.com,Rosabelle.Wadell@gmail.com,police officer
1034,Malina,Bultman,Malina.Bultman@yopmail.com,Malina.Bultman@gmail.com,police officer
1035,Mireielle,Baylor,Mireielle.Baylor@yopmail.com,Mireielle.Baylor@gmail.com,doctor
1036,Claudina,Jethro,Claudina.Jethro@yopmail.com,Claudina.Jethro@gmail.com,firefighter
1037,Gabriellia,Erb,Gabriellia.Erb@yopmail.com,Gabriellia.Erb@gmail.com,police officer
1038,Minda,Niles,Minda.Niles@yopmail.com,Minda.Niles@gmail.com,developer
1039,Anestassia,Edmund,Anestassia.Edmund@yopmail.com,Anestassia.Edmund@gmail.com,firefighter
1040,Gerianna,Tound,Gerianna.Tound@yopmail.com,Gerianna.Tound@gmail.com,police officer
1041,Laurene,Zaslow,Laurene.Zaslow@yopmail.com,Laurene.Zaslow@gmail.com,doctor
1042,Jerry,Peg,Jerry.Peg@yopmail.com,Jerry.Peg@gmail.com,doctor
1043,Joceline,Delila,Joceline.Delila@yopmail.com,Joceline.Delila@gmail.com,police officer
1044,Oona,Masao,Oona.Masao@yopmail.com,Oona.Masao@gmail.com,firefighter
1045,Lacie,Chabot,Lacie.Chabot@yopmail.com,Lacie.Chabot@gmail.com,police officer
1046,Eadie,Parette,Eadie.Parette@yopmail.com,Eadie.Parette@gmail.com,doctor
1047,Robbi,Blase,Robbi.Blase@yopmail.com,Robbi.Blase@gmail.com,worker
1048,Blinni,Ventre,Blinni.Ventre@yopmail.com,Blinni.Ventre@gmail.com,firefighter
1049,Barbara,Sisile,Barbara.Sisile@yopmail.com,Barbara.Sisile@gmail.com,developer
1050,Dale,Urias,Dale.Urias@yopmail.com,Dale.Urias@gmail.com,firefighter
1051,Maurene,Gower,Maurene.Gower@yopmail.com,Maurene.Gower@gmail.com,police officer
1052,Fayre,Jagir,Fayre.Jagir@yopmail.com,Fayre.Jagir@gmail.com,worker
1053,Cissiee,Lalitta,Cissiee.Lalitta@yopmail.com,Cissiee.Lalitta@gmail.com,firefighter
1054,Blake,Dowski,Blake.Dowski@yopmail.com,Blake.Dowski@gmail.com,developer
1055,Tomasina,Jagir,Tomasina.Jagir@yopmail.com,Tomasina.Jagir@gmail.com,doctor
1056,Jany,Old,Jany.Old@yopmail.com,Jany.Old@gmail.com,worker
1057,Bibby,Nunci,Bibby.Nunci@yopmail.com,Bibby.Nunci@gmail.com,worker
1058,Gilligan,Gaulin,Gilligan.Gaulin@yopmail.com,Gilligan.Gaulin@gmail.com,doctor
1059,Britni,Hunfredo,Britni.Hunfredo@yopmail.com,Britni.Hunfredo@gmail.com,police officer
1060,Lisette,Barbey,Lisette.Barbey@yopmail.com,Lisette.Barbey@gmail.com,worker
1061,Brynna,Adrienne,Brynna.Adrienne@yopmail.com,Brynna.Adrienne@gmail.com,doctor
1062,Karolina,Japeth,Karolina.Japeth@yopmail.com,Karolina.Japeth@gmail.com,worker
1063,Donnie,Izaak,Donnie.Izaak@yopmail.com,Donnie.Izaak@gmail.com,developer
1064,Wynne,Westphal,Wynne.Westphal@yopmail.com,Wynne.Westphal@gmail.com,doctor
1065,Candi,Vorster,Candi.Vorster@yopmail.com,Candi.Vorster@gmail.com,developer
1066,Jillayne,Wilkinson,Jillayne.Wilkinson@yopmail.com,Jillayne.Wilkinson@gmail.com,doctor
1067,Ileana,Croix,Ileana.Croix@yopmail.com,Ileana.Croix@gmail.com,firefighter
1068,Hope,Azeria,Hope.Azeria@yopmail.com,Hope.Azeria@gmail.com,firefighter
1069,Linzy,Berriman,Linzy.Berriman@yopmail.com,Linzy.Berriman@gmail.com,worker
1070,Peri,Modie,Peri.Modie@yopmail.com,Peri.Modie@gmail.com,developer
1071,Leeanne,Toffic,Leeanne.Toffic@yopmail.com,Leeanne.Toffic@gmail.com,police officer
1072,Shaylyn,Herrera,Shaylyn.Herrera@yopmail.com,Shaylyn.Herrera@gmail.com,firefighter
1073,Anestassia,Breed,Anestassia.Breed@yopmail.com,Anestassia.Breed@gmail.com,worker
1074,Kelly,Ogren,Kelly.Ogren@yopmail.com,Kelly.Ogren@gmail.com,firefighter
1075,Dennie,Maisey,Dennie.Maisey@yopmail.com,Dennie.Maisey@gmail.com,doctor
1076,Joy,Larochelle,Joy.Larochelle@yopmail.com,Joy.Larochelle@gmail.com,police officer
1077,Steffane,Jaylene,Steffane.Jaylene@yopmail.com,Steffane.Jaylene@gmail.com,police officer
1078,Tobe,Shaver,Tobe.Shaver@yopmail.com,Tobe.Shaver@gmail.com,doctor
1079,Adele,Emanuel,Adele.Emanuel@yopmail.com,Adele.Emanuel@gmail.com,police officer
1080,Kerrin,Dawkins,Kerrin.Dawkins@yopmail.com,Kerrin.Dawkins@gmail.com,police officer
1081,Dotty,Ogren,Dotty.Ogren@yopmail.com,Dotty.Ogren@gmail.com,worker
1082,Madeleine,Suzetta,Madeleine.Suzetta@yopmail.com,Madeleine.Suzetta@gmail.com,firefighter
1083,Gaylene,Lane,Gaylene.Lane@yopmail.com,Gaylene.Lane@gmail.com,doctor
1084,Philis,Paton,Philis.Paton@yopmail.com,Philis.Paton@gmail.com,doctor
1085,Kellen,Wittie,Kellen.Wittie@yopmail.com,Kellen.Wittie@gmail.com,police officer
1086,Binny,Strephon,Binny.Strephon@yopmail.com,Binny.Strephon@gmail.com,police officer
1087,Sallie,Rebecka,Sallie.Rebecka@yopmail.com,Sallie.Rebecka@gmail.com,firefighter
1088,Kaja,Eno,Kaja.Eno@yopmail.com,Kaja.Eno@gmail.com,firefighter
1089,Bernardine,Paine,Bernardine.Paine@yopmail.com,Bernardine.Paine@gmail.com,worker
1090,Micheline,Pozzy,Micheline.Pozzy@yopmail.com,Micheline.Pozzy@gmail.com,firefighter
1091,Alyda,Gilmour,Alyda.Gilmour@yopmail.com,Alyda.Gilmour@gmail.com,firefighter
1092,Dolli,Marijo,Dolli.Marijo@yopmail.com,Dolli.Marijo@gmail.com,doctor
1093,Ketti,Bivins,Ketti.Bivins@yopmail.com,Ketti.Bivins@gmail.com,worker
1094,Berget,Jotham,Berget.Jotham@yopmail.com,Berget.Jotham@gmail.com,doctor
1095,Lyssa,Ambrosia,Lyssa.Ambrosia@yopmail.com,Lyssa.Ambrosia@gmail.com,firefighter
1096,Taffy,Koziara,Taffy.Koziara@yopmail.com,Taffy.Koziara@gmail.com,firefighter
1097,Darci,Naor,Darci.Naor@yopmail.com,Darci.Naor@gmail.com,firefighter
1098,Jany,Zachary,Jany.Zachary@yopmail.com,Jany.Zachary@gmail.com,firefighter
1099,Alyda,Montgomery,Alyda.Montgomery@yopmail.com,Alyda.Montgomery@gmail.com,firefighter
1100,Hallie,Chaing,Hallie.Chaing@yopmail.com,Hallie.Chaing@gmail.com,developer
1101,Elbertina,Prober,Elbertina.Prober@yopmail.com,Elbertina.Prober@gmail.com,police officer
1102,Janeczka,Rebecka,Janeczka.Rebecka@yopmail.com,Janeczka.Rebecka@gmail.com,worker
1103,Jere,Chinua,Jere.Chinua@yopmail.com,Jere.Chinua@gmail.com,doctor
1104,Giustina,Gaulin,Giustina.Gaulin@yopmail.com,Giustina.Gaulin@gmail.com,firefighter
1105,Ruthe,Naor,Ruthe.Naor@yopmail.com,Ruthe.Naor@gmail.com,doctor
1106,Lory,Cordi,Lory.Cordi@yopmail.com,Lory.Cordi@gmail.com,firefighter
1107,Shaine,Latini,Shaine.Latini@yopmail.com,Shaine.Latini@gmail.com,firefighter
1108,Rosene,Phaidra,Rosene.Phaidra@yopmail.com,Rosene.Phaidra@gmail.com,police officer
1109,Celestyna,Ciapas,Celestyna.Ciapas@yopmail.com,Celestyna.Ciapas@gmail.com,developer
1110,Miquela,O'Carroll,Miquela.O'Carroll@yopmail.com,Miquela.O'Carroll@gmail.com,worker
1111,Tabbatha,Fancie,Tabbatha.Fancie@yopmail.com,Tabbatha.Fancie@gmail.com,worker
1112,Corly,Edison,Corly.Edison@yopmail.com,Corly.Edison@gmail.com,developer
1113,Bill,Fiann,Bill.Fiann@yopmail.com,Bill.Fiann@gmail.com,worker
1114,Alyda,Minetta,Alyda.Minetta@yopmail.com,Alyda.Minetta@gmail.com,firefighter
1115,Carly,Croix,Carly.Croix@yopmail.com,Carly.Croix@gmail.com,developer
1116,Cam,Dosia,Cam.Dosia@yopmail.com,Cam.Dosia@gmail.com,worker
1117,Tomasina,Idelia,Tomasina.Idelia@yopmail.com,Tomasina.Idelia@gmail.com,doctor
1118,Rebeca,Tippets,Rebeca.Tippets@yopmail.com,Rebeca.Tippets@gmail.com,doctor
1119,Dagmar,Judye,Dagmar.Judye@yopmail.com,Dagmar.Judye@gmail.com,police officer
1120,Anestassia,Xerxes,Anestassia.Xerxes@yopmail.com,Anestassia.Xerxes@gmail.com,doctor
1121,Tatiania,Trey,Tatiania.Trey@yopmail.com,Tatiania.Trey@gmail.com,worker
1122,Grier,Toor,Grier.Toor@yopmail.com,Grier.Toor@gmail.com,police officer
1123,Misha,Bandeen,Misha.Bandeen@yopmail.com,Misha.Bandeen@gmail.com,firefighter
1124,Joane,Tybald,Joane.Tybald@yopmail.com,Joane.Tybald@gmail.com,doctor
1125,Arlena,Tillford,Arlena.Tillford@yopmail.com,Arlena.Tillford@gmail.com,developer
1126,Margette,Atcliffe,Margette.Atcliffe@yopmail.com,Margette.Atcliffe@gmail.com,worker
1127,Margette,Edison,Margette.Edison@yopmail.com,Margette.Edison@gmail.com,doctor
1128,Dode,Celestine,Dode.Celestine@yopmail.com,Dode.Celestine@gmail.com,developer
1129,Romona,Posner,Romona.Posner@yopmail.com,Romona.Posner@gmail.com,doctor
1130,Tami,Gunn,Tami.Gunn@yopmail.com,Tami.Gunn@gmail.com,doctor
1131,Rhea,Lattie,Rhea.Lattie@yopmail.com,Rhea.Lattie@gmail.com,doctor
1132,Anallese,Kannry,Anallese.Kannry@yopmail.com,Anallese.Kannry@gmail.com,police officer
1133,Aurelie,Vastah,Aurelie.Vastah@yopmail.com,Aurelie.Vastah@gmail.com,police officer
1134,Lesly,Zuzana,Lesly.Zuzana@yopmail.com,Lesly.Zuzana@gmail.com,developer
1135,Cordi,Wilkinson,Cordi.Wilkinson@yopmail.com,Cordi.Wilkinson@gmail.com,firefighter
1136,Jillayne,Ader,Jillayne.Ader@yopmail.com,Jillayne.Ader@gmail.com,developer
1137,Genevra,Si,Genevra.Si@yopmail.com,Genevra.Si@gmail.com,firefighter
1138,Marita,Adrienne,Marita.Adrienne@yopmail.com,Marita.Adrienne@gmail.com,doctor
1139,Hildegaard,Fairweather,Hildegaard.Fairweather@yopmail.com,Hildegaard.Fairweather@gmail.com,worker
1140,Tonia,Silvan,Tonia.Silvan@yopmail.com,Tonia.Silvan@gmail.com,developer
1141,Margette,Havens,Margette.Havens@yopmail.com,Margette.Havens@gmail.com,police officer
1142,Courtnay,Stelle,Courtnay.Stelle@yopmail.com,Courtnay.Stelle@gmail.com,developer
1143,Brooks,Alisia,Brooks.Alisia@yopmail.com,Brooks.Alisia@gmail.com,worker
1144,Hayley,Forrer,Hayley.Forrer@yopmail.com,Hayley.Forrer@gmail.com,police officer
1145,Grier,Tillford,Grier.Tillford@yopmail.com,Grier.Tillford@gmail.com,police officer
1146,Ethel,Himelman,Ethel.Himelman@yopmail.com,Ethel.Himelman@gmail.com,developer
1147,Joelly,Weinreb,Joelly.Weinreb@yopmail.com,Joelly.Weinreb@gmail.com,police officer
1148,Bettine,Swanhildas,Bettine.Swanhildas@yopmail.com,Bettine.Swanhildas@gmail.com,developer
1149,Marcy,Korey,Marcy.Korey@yopmail.com,Marcy.Korey@gmail.com,police officer
1150,Gabriellia,Donell,Gabriellia.Donell@yopmail.com,Gabriellia.Donell@gmail.com,worker
1151,Allyce,Shuler,Allyce.Shuler@yopmail.com,Allyce.Shuler@gmail.com,police officer
1152,Ada,Georgy,Ada.Georgy@yopmail.com,Ada.Georgy@gmail.com,developer
1153,Orsola,Larochelle,Orsola.Larochelle@yopmail.com,Orsola.Larochelle@gmail.com,firefighter
1154,Hyacinthe,Zrike,Hyacinthe.Zrike@yopmail.com,Hyacinthe.Zrike@gmail.com,worker
1155,Lindie,Blase,Lindie.Blase@yopmail.com,Lindie.Blase@gmail.com,worker
1156,Roberta,Romelda,Roberta.Romelda@yopmail.com,Roberta.Romelda@gmail.com,firefighter
1157,Augustine,Wareing,Augustine.Wareing@yopmail.com,Augustine.Wareing@gmail.com,worker
1158,Jackie,Allys,Jackie.Allys@yopmail.com,Jackie.Allys@gmail.com,firefighter
1159,Adriana,Mandler,Adriana.Mandler@yopmail.com,Adriana.Mandler@gmail.com,police officer
1160,Fanchon,Adrienne,Fanchon.Adrienne@yopmail.com,Fanchon.Adrienne@gmail.com,worker
1161,Kimberley,Goode,Kimberley.Goode@yopmail.com,Kimberley.Goode@gmail.com,doctor
1162,Kenna,Nisbet,Kenna.Nisbet@yopmail.com,Kenna.Nisbet@gmail.com,doctor
1163,Carlie,Parsaye,Carlie.Parsaye@yopmail.com,Carlie.Parsaye@gmail.com,doctor
1164,Stevana,Sophronia,Stevana.Sophronia@yopmail.com,Stevana.Sophronia@gmail.com,doctor
1165,Dacia,Mandler,Dacia.Mandler@yopmail.com,Dacia.Mandler@gmail.com,police officer
1166,Selia,Tacye,Selia.Tacye@yopmail.com,Selia.Tacye@gmail.com,police officer
1167,Darlleen,Ciapas,Darlleen.Ciapas@yopmail.com,Darlleen.Ciapas@gmail.com,firefighter
1168,Inga,Scammon,Inga.Scammon@yopmail.com,Inga.Scammon@gmail.com,firefighter
1169,Caritta,Seligman,Caritta.Seligman@yopmail.com,Caritta.Seligman@gmail.com,firefighter
1170,Glynnis,Dulciana,Glynnis.Dulciana@yopmail.com,Glynnis.Dulciana@gmail.com,doctor
1171,Jan,Verger,Jan.Verger@yopmail.com,Jan.Verger@gmail.com,firefighter
1172,Jorry,Bashemeth,Jorry.Bashemeth@yopmail.com,Jorry.Bashemeth@gmail.com,police officer
1173,Ericka,Rugen,Ericka.Rugen@yopmail.com,Ericka.Rugen@gmail.com,worker
1174,Olivette,Brady,Olivette.Brady@yopmail.com,Olivette.Brady@gmail.com,firefighter
1175,Mathilda,Deegan,Mathilda.Deegan@yopmail.com,Mathilda.Deegan@gmail.com,developer
1176,Minne,Lymann,Minne.Lymann@yopmail.com,Minne.Lymann@gmail.com,developer
1177,Glynnis,Elephus,Glynnis.Elephus@yopmail.com,Glynnis.Elephus@gmail.com,worker
1178,Dania,Edison,Dania.Edison@yopmail.com,Dania.Edison@gmail.com,police officer
1179,Mamie,Stilwell,Mamie.Stilwell@yopmail.com,Mamie.Stilwell@gmail.com,firefighter
1180,Ebonee,Stephie,Ebonee.Stephie@yopmail.com,Ebonee.Stephie@gmail.com,doctor
1181,Merle,Chinua,Merle.Chinua@yopmail.com,Merle.Chinua@gmail.com,worker
1182,Jeanna,My,Jeanna.My@yopmail.com,Jeanna.My@gmail.com,doctor
1183,Shandie,Sothena,Shandie.Sothena@yopmail.com,Shandie.Sothena@gmail.com,police officer
1184,Marylou,Japeth,Marylou.Japeth@yopmail.com,Marylou.Japeth@gmail.com,doctor
1185,Jackie,Berne,Jackie.Berne@yopmail.com,Jackie.Berne@gmail.com,developer
1186,Hallie,Decato,Hallie.Decato@yopmail.com,Hallie.Decato@gmail.com,doctor
1187,Bee,Alexandr,Bee.Alexandr@yopmail.com,Bee.Alexandr@gmail.com,developer
1188,Laurene,Ciro,Laurene.Ciro@yopmail.com,Laurene.Ciro@gmail.com,worker
1189,Joceline,Bonilla,Joceline.Bonilla@yopmail.com,Joceline.Bonilla@gmail.com,firefighter
1190,Fina,Vale,Fina.Vale@yopmail.com,Fina.Vale@gmail.com,firefighter
1191,Donetta,Bebe,Donetta.Bebe@yopmail.com,Donetta.Bebe@gmail.com,doctor
1192,Riannon,Katrine,Riannon.Katrine@yopmail.com,Riannon.Katrine@gmail.com,police officer
1193,Jessamyn,Primalia,Jessamyn.Primalia@yopmail.com,Jessamyn.Primalia@gmail.com,police officer
1194,Ezmeralda,Greenwald,Ezmeralda.Greenwald@yopmail.com,Ezmeralda.Greenwald@gmail.com,doctor
1195,Camile,Olnee,Camile.Olnee@yopmail.com,Camile.Olnee@gmail.com,firefighter
1196,Marleah,Libna,Marleah.Libna@yopmail.com,Marleah.Libna@gmail.com,doctor
1197,Ethel,Caitlin,Ethel.Caitlin@yopmail.com,Ethel.Caitlin@gmail.com,police officer
1198,Jeanna,Tamar,Jeanna.Tamar@yopmail.com,Jeanna.Tamar@gmail.com,firefighter
1199,Elena,Burkle,Elena.Burkle@yopmail.com,Elena.Burkle@gmail.com,worker
1200,Frances,Isidore,Frances.Isidore@yopmail.com,Frances.Isidore@gmail.com,developer
1201,Dania,Sallyann,Dania.Sallyann@yopmail.com,Dania.Sallyann@gmail.com,firefighter
1202,Sophia,Hubert,Sophia.Hubert@yopmail.com,Sophia.Hubert@gmail.com,worker
1203,Correy,Ivens,Correy.Ivens@yopmail.com,Correy.Ivens@gmail.com,firefighter
1204,Bibby,Goode,Bibby.Goode@yopmail.com,Bibby.Goode@gmail.com,police officer
1205,Lyssa,Buttaro,Lyssa.Buttaro@yopmail.com,Lyssa.Buttaro@gmail.com,developer
1206,Nikki,Infield,Nikki.Infield@yopmail.com,Nikki.Infield@gmail.com,police officer
1207,Ermengarde,Joachim,Ermengarde.Joachim@yopmail.com,Ermengarde.Joachim@gmail.com,doctor
1208,Cindelyn,Han,Cindelyn.Han@yopmail.com,Cindelyn.Han@gmail.com,police officer
1209,Margarette,Anton,Margarette.Anton@yopmail.com,Margarette.Anton@gmail.com,developer
1210,Margette,Celestine,Margette.Celestine@yopmail.com,Margette.Celestine@gmail.com,worker
1211,Lelah,Fosque,Lelah.Fosque@yopmail.com,Lelah.Fosque@gmail.com,police officer
1212,Danny,Oster,Danny.Oster@yopmail.com,Danny.Oster@gmail.com,firefighter
1213,Dorene,Margret,Dorene.Margret@yopmail.com,Dorene.Margret@gmail.com,police officer
1214,Kittie,Harday,Kittie.Harday@yopmail.com,Kittie.Harday@gmail.com,worker
1215,Suzette,Merat,Suzette.Merat@yopmail.com,Suzette.Merat@gmail.com,firefighter
1216,Sidoney,Fontana,Sidoney.Fontana@yopmail.com,Sidoney.Fontana@gmail.com,firefighter
1217,Annora,Larochelle,Annora.Larochelle@yopmail.com,Annora.Larochelle@gmail.com,doctor
1218,Livvyy,Bryna,Livvyy.Bryna@yopmail.com,Livvyy.Bryna@gmail.com,worker
1219,Hildegaard,Zeeba,Hildegaard.Zeeba@yopmail.com,Hildegaard.Zeeba@gmail.com,developer
1220,Mignon,Cottle,Mignon.Cottle@yopmail.com,Mignon.Cottle@gmail.com,worker
1221,Emmey,Hieronymus,Emmey.Hieronymus@yopmail.com,Emmey.Hieronymus@gmail.com,worker
1222,Ernesta,Maxi,Ernesta.Maxi@yopmail.com,Ernesta.Maxi@gmail.com,police officer
1223,Bee,Gherardo,Bee.Gherardo@yopmail.com,Bee.Gherardo@gmail.com,doctor
1224,Winny,Lea,Winny.Lea@yopmail.com,Winny.Lea@gmail.com,firefighter
1225,Mary,Federica,Mary.Federica@yopmail.com,Mary.Federica@gmail.com,police officer
1226,Amelia,Nunci,Amelia.Nunci@yopmail.com,Amelia.Nunci@gmail.com,worker
1227,Clarice,Bertold,Clarice.Bertold@yopmail.com,Clarice.Bertold@gmail.com,police officer
1228,Aryn,Ventre,Aryn.Ventre@yopmail.com,Aryn.Ventre@gmail.com,developer
1229,Kate,Mallon,Kate.Mallon@yopmail.com,Kate.Mallon@gmail.com,police officer
1230,Corina,Gemini,Corina.Gemini@yopmail.com,Corina.Gemini@gmail.com,developer
1231,Cherrita,Revkah,Cherrita.Revkah@yopmail.com,Cherrita.Revkah@gmail.com,developer
1232,Ilse,Mendez,Ilse.Mendez@yopmail.com,Ilse.Mendez@gmail.com,worker
1233,Carmencita,Colp,Carmencita.Colp@yopmail.com,Carmencita.Colp@gmail.com,developer
1234,Betta,Arne,Betta.Arne@yopmail.com,Betta.Arne@gmail.com,firefighter
1235,Annecorinne,Norrie,Annecorinne.Norrie@yopmail.com,Annecorinne.Norrie@gmail.com,firefighter
1236,Mildrid,Richers,Mildrid.Richers@yopmail.com,Mildrid.Richers@gmail.com,police officer
1237,Viki,Ramona,Viki.Ramona@yopmail.com,Viki.Ramona@gmail.com,police officer
1238,Henriette,Ariella,Henriette.Ariella@yopmail.com,Henriette.Ariella@gmail.com,worker
1239,Anthia,Adore,Anthia.Adore@yopmail.com,Anthia.Adore@gmail.com,firefighter
1240,Consuela,Demitria,Consuela.Demitria@yopmail.com,Consuela.Demitria@gmail.com,doctor
1241,Gabi,Bandeen,Gabi.Bandeen@yopmail.com,Gabi.Bandeen@gmail.com,police officer
1242,Lenna,Eno,Lenna.Eno@yopmail.com,Lenna.Eno@gmail.com,doctor
1243,Jackie,Cornelia,Jackie.Cornelia@yopmail.com,Jackie.Cornelia@gmail.com,worker
1244,Isa,Irmine,Isa.Irmine@yopmail.com,Isa.Irmine@gmail.com,doctor
1245,Monika,Westphal,Monika.Westphal@yopmail.com,Monika.Westphal@gmail.com,doctor
1246,Maurene,Duwalt,Maurene.Duwalt@yopmail.com,Maurene.Duwalt@gmail.com,firefighter
1247,Philis,Westphal,Philis.Westphal@yopmail.com,Philis.Westphal@gmail.com,police officer
1248,Nelle,Naor,Nelle.Naor@yopmail.com,Nelle.Naor@gmail.com,worker
1249,Kaia,Wildermuth,Kaia.Wildermuth@yopmail.com,Kaia.Wildermuth@gmail.com,developer
1250,Oralee,Saree,Oralee.Saree@yopmail.com,Oralee.Saree@gmail.com,worker
1251,Netty,Rooney,Netty.Rooney@yopmail.com,Netty.Rooney@gmail.com,developer
1252,Aeriela,Koziara,Aeriela.Koziara@yopmail.com,Aeriela.Koziara@gmail.com,worker
1253,Margarette,Matthew,Margarette.Matthew@yopmail.com,Margarette.Matthew@gmail.com,worker
1254,Shaylyn,Rubie,Shaylyn.Rubie@yopmail.com,Shaylyn.Rubie@gmail.com,firefighter
1255,Lyssa,Kevon,Lyssa.Kevon@yopmail.com,Lyssa.Kevon@gmail.com,doctor
1256,Sonni,Arquit,Sonni.Arquit@yopmail.com,Sonni.Arquit@gmail.com,doctor
1257,Benita,Annabella,Benita.Annabella@yopmail.com,Benita.Annabella@gmail.com,police officer
1258,Latisha,Annice,Latisha.Annice@yopmail.com,Latisha.Annice@gmail.com,worker
1259,Marguerite,Fancie,Marguerite.Fancie@yopmail.com,Marguerite.Fancie@gmail.com,worker
1260,Frances,Japeth,Frances.Japeth@yopmail.com,Frances.Japeth@gmail.com,developer
1261,Leia,Timon,Leia.Timon@yopmail.com,Leia.Timon@gmail.com,firefighter
1262,Dominga,Tayib,Dominga.Tayib@yopmail.com,Dominga.Tayib@gmail.com,worker
1263,Agnese,Hirsch,Agnese.Hirsch@yopmail.com,Agnese.Hirsch@gmail.com,developer
1264,Sadie,Evvie,Sadie.Evvie@yopmail.com,Sadie.Evvie@gmail.com,worker
1265,Allyce,Ethban,Allyce.Ethban@yopmail.com,Allyce.Ethban@gmail.com,worker
1266,Lelah,Jalbert,Lelah.Jalbert@yopmail.com,Lelah.Jalbert@gmail.com,doctor
1267,Elvira,Haymes,Elvira.Haymes@yopmail.com,Elvira.Haymes@gmail.com,police officer
1268,Alejandra,Lowry,Alejandra.Lowry@yopmail.com,Alejandra.Lowry@gmail.com,developer
1269,Beth,Vastah,Beth.Vastah@yopmail.com,Beth.Vastah@gmail.com,developer
1270,Ariela,Gunn,Ariela.Gunn@yopmail.com,Ariela.Gunn@gmail.com,developer
1271,Madalyn,Baylor,Madalyn.Baylor@yopmail.com,Madalyn.Baylor@gmail.com,firefighter
1272,Fayre,Marisa,Fayre.Marisa@yopmail.com,Fayre.Marisa@gmail.com,firefighter
1273,June,Zaslow,June.Zaslow@yopmail.com,June.Zaslow@gmail.com,firefighter
1274,Consuela,Ailyn,Consuela.Ailyn@yopmail.com,Consuela.Ailyn@gmail.com,developer
1275,Jsandye,Clarissa,Jsandye.Clarissa@yopmail.com,Jsandye.Clarissa@gmail.com,developer
1276,Latisha,Janene,Latisha.Janene@yopmail.com,Latisha.Janene@gmail.com,police officer
1277,Nicoli,Denis,Nicoli.Denis@yopmail.com,Nicoli.Denis@gmail.com,firefighter
1278,Shell,Craggie,Shell.Craggie@yopmail.com,Shell.Craggie@gmail.com,firefighter
1279,Mignon,Joni,Mignon.Joni@yopmail.com,Mignon.Joni@gmail.com,police officer
1280,Dulcinea,Emmaline,Dulcinea.Emmaline@yopmail.com,Dulcinea.Emmaline@gmail.com,developer
1281,Christal,Mullane,Christal.Mullane@yopmail.com,Christal.Mullane@gmail.com,worker
1282,Moyna,Stav,Moyna.Stav@yopmail.com,Moyna.Stav@gmail.com,worker
1283,Nita,Stanwood,Nita.Stanwood@yopmail.com,Nita.Stanwood@gmail.com,worker
1284,Liana,Crudden,Liana.Crudden@yopmail.com,Liana.Crudden@gmail.com,police officer
1285,Alejandra,Alfons,Alejandra.Alfons@yopmail.com,Alejandra.Alfons@gmail.com,developer
1286,Lanae,Joseph,Lanae.Joseph@yopmail.com,Lanae.Joseph@gmail.com,firefighter
1287,Corly,Erb,Corly.Erb@yopmail.com,Corly.Erb@gmail.com,firefighter
1288,Kylynn,Ephrem,Kylynn.Ephrem@yopmail.com,Kylynn.Ephrem@gmail.com,developer
1289,Dorene,Eugenia,Dorene.Eugenia@yopmail.com,Dorene.Eugenia@gmail.com,worker
1290,Gianina,Cavan,Gianina.Cavan@yopmail.com,Gianina.Cavan@gmail.com,police officer
1291,Clementine,Oriana,Clementine.Oriana@yopmail.com,Clementine.Oriana@gmail.com,developer
1292,Danny,Ardra,Danny.Ardra@yopmail.com,Danny.Ardra@gmail.com,doctor
1293,Tybie,Gert,Tybie.Gert@yopmail.com,Tybie.Gert@gmail.com,firefighter
1294,Asia,Bibi,Asia.Bibi@yopmail.com,Asia.Bibi@gmail.com,worker
1295,Dawn,Peti,Dawn.Peti@yopmail.com,Dawn.Peti@gmail.com,firefighter
1296,Elvira,Rosette,Elvira.Rosette@yopmail.com,Elvira.Rosette@gmail.com,developer
1297,Elbertina,Mallon,Elbertina.Mallon@yopmail.com,Elbertina.Mallon@gmail.com,firefighter
1298,Nita,Kylander,Nita.Kylander@yopmail.com,Nita.Kylander@gmail.com,developer
1299,Shel,Kristi,Shel.Kristi@yopmail.com,Shel.Kristi@gmail.com,developer
1300,Sophia,Tjon,Sophia.Tjon@yopmail.com,Sophia.Tjon@gmail.com,police officer
1301,Ninnetta,Engdahl,Ninnetta.Engdahl@yopmail.com,Ninnetta.Engdahl@gmail.com,worker
1302,Jerry,Septima,Jerry.Septima@yopmail.com,Jerry.Septima@gmail.com,police officer
1303,Dale,Magnolia,Dale.Magnolia@yopmail.com,Dale.Magnolia@gmail.com,worker
1304,Ida,Vale,Ida.Vale@yopmail.com,Ida.Vale@gmail.com,firefighter
1305,Nonnah,Juliet,Nonnah.Juliet@yopmail.com,Nonnah.Juliet@gmail.com,worker
1306,Sheree,Andrel,Sheree.Andrel@yopmail.com,Sheree.Andrel@gmail.com,police officer
1307,Oralee,Shuler,Oralee.Shuler@yopmail.com,Oralee.Shuler@gmail.com,worker
1308,Layla,Lane,Layla.Lane@yopmail.com,Layla.Lane@gmail.com,police officer
1309,Phedra,Adlare,Phedra.Adlare@yopmail.com,Phedra.Adlare@gmail.com,doctor
1310,Elsie,Janene,Elsie.Janene@yopmail.com,Elsie.Janene@gmail.com,firefighter
1311,Annora,Martsen,Annora.Martsen@yopmail.com,Annora.Martsen@gmail.com,doctor
1312,Lyssa,Laverne,Lyssa.Laverne@yopmail.com,Lyssa.Laverne@gmail.com,developer
1313,Lucille,Posner,Lucille.Posner@yopmail.com,Lucille.Posner@gmail.com,worker
1314,Chrystel,Dominy,Chrystel.Dominy@yopmail.com,Chrystel.Dominy@gmail.com,worker
1315,Basia,Sothena,Basia.Sothena@yopmail.com,Basia.Sothena@gmail.com,worker
1316,Carree,Girardo,Carree.Girardo@yopmail.com,Carree.Girardo@gmail.com,worker
1317,Cam,Peg,Cam.Peg@yopmail.com,Cam.Peg@gmail.com,doctor
1318,Alisha,Wildermuth,Alisha.Wildermuth@yopmail.com,Alisha.Wildermuth@gmail.com,firefighter
1319,Vere,Natalia,Vere.Natalia@yopmail.com,Vere.Natalia@gmail.com,worker
1320,Estell,Artie,Estell.Artie@yopmail.com,Estell.Artie@gmail.com,firefighter
1321,Catharine,Bergman,Catharine.Bergman@yopmail.com,Catharine.Bergman@gmail.com,developer
1322,Adore,Constancy,Adore.Constancy@yopmail.com,Adore.Constancy@gmail.com,doctor
1323,Flory,Zitvaa,Flory.Zitvaa@yopmail.com,Flory.Zitvaa@gmail.com,doctor
1324,Mady,Keily,Mady.Keily@yopmail.com,Mady.Keily@gmail.com,worker
1325,Caritta,Wenda,Caritta.Wenda@yopmail.com,Caritta.Wenda@gmail.com,police officer
1326,Rosabelle,Prober,Rosabelle.Prober@yopmail.com,Rosabelle.Prober@gmail.com,developer
1327,Althea,Catie,Althea.Catie@yopmail.com,Althea.Catie@gmail.com,developer
1328,Thalia,Phi,Thalia.Phi@yopmail.com,Thalia.Phi@gmail.com,worker
1329,Chickie,Iphlgenia,Chickie.Iphlgenia@yopmail.com,Chickie.Iphlgenia@gmail.com,doctor
1330,Angela,Penelopa,Angela.Penelopa@yopmail.com,Angela.Penelopa@gmail.com,developer
1331,Roberta,Dituri,Roberta.Dituri@yopmail.com,Roberta.Dituri@gmail.com,firefighter
1332,Cacilie,Angelis,Cacilie.Angelis@yopmail.com,Cacilie.Angelis@gmail.com,doctor
1333,Bobbi,Margret,Bobbi.Margret@yopmail.com,Bobbi.Margret@gmail.com,police officer
1334,Halette,Joni,Halette.Joni@yopmail.com,Halette.Joni@gmail.com,developer
1335,Cassandra,Rocray,Cassandra.Rocray@yopmail.com,Cassandra.Rocray@gmail.com,developer
1336,Dulcinea,Atonsah,Dulcinea.Atonsah@yopmail.com,Dulcinea.Atonsah@gmail.com,police officer
1337,Augustine,Pascia,Augustine.Pascia@yopmail.com,Augustine.Pascia@gmail.com,firefighter
1338,Carilyn,Bonilla,Carilyn.Bonilla@yopmail.com,Carilyn.Bonilla@gmail.com,worker
1339,Joeann,Ashok,Joeann.Ashok@yopmail.com,Joeann.Ashok@gmail.com,police officer
1340,Demetris,McLaughlin,Demetris.McLaughlin@yopmail.com,Demetris.McLaughlin@gmail.com,worker
1341,Heida,Nerita,Heida.Nerita@yopmail.com,Heida.Nerita@gmail.com,firefighter
1342,Goldie,Haymes,Goldie.Haymes@yopmail.com,Goldie.Haymes@gmail.com,doctor
1343,Florencia,Kamaria,Florencia.Kamaria@yopmail.com,Florencia.Kamaria@gmail.com,worker
1344,Elmira,Gwenore,Elmira.Gwenore@yopmail.com,Elmira.Gwenore@gmail.com,developer
1345,Florencia,Fitzsimmons,Florencia.Fitzsimmons@yopmail.com,Florencia.Fitzsimmons@gmail.com,doctor
1346,Gwyneth,Annice,Gwyneth.Annice@yopmail.com,Gwyneth.Annice@gmail.com,firefighter
1347,Yvonne,Idelia,Yvonne.Idelia@yopmail.com,Yvonne.Idelia@gmail.com,firefighter
1348,Harmonia,Septima,Harmonia.Septima@yopmail.com,Harmonia.Septima@gmail.com,developer
1349,Lila,Melleta,Lila.Melleta@yopmail.com,Lila.Melleta@gmail.com,doctor
1350,Nariko,Earlie,Nariko.Earlie@yopmail.com,Nariko.Earlie@gmail.com,firefighter
1351,Florie,Vernier,Florie.Vernier@yopmail.com,Florie.Vernier@gmail.com,worker
1352,Ellette,Reidar,Ellette.Reidar@yopmail.com,Ellette.Reidar@gmail.com,police officer
1353,Hildegaard,Sisile,Hildegaard.Sisile@yopmail.com,Hildegaard.Sisile@gmail.com,worker
1354,Concettina,Annice,Concettina.Annice@yopmail.com,Concettina.Annice@gmail.com,police officer
1355,Sheree,Kalinda,Sheree.Kalinda@yopmail.com,Sheree.Kalinda@gmail.com,police officer
1356,Willetta,Laurianne,Willetta.Laurianne@yopmail.com,Willetta.Laurianne@gmail.com,police officer
1357,Louella,Eno,Louella.Eno@yopmail.com,Louella.Eno@gmail.com,doctor
1358,Damaris,Romelda,Damaris.Romelda@yopmail.com,Damaris.Romelda@gmail.com,worker
1359,Dyann,Therine,Dyann.Therine@yopmail.com,Dyann.Therine@gmail.com,firefighter
1360,Miquela,Fabiola,Miquela.Fabiola@yopmail.com,Miquela.Fabiola@gmail.com,firefighter
1361,Xylina,Margarete,Xylina.Margarete@yopmail.com,Xylina.Margarete@gmail.com,developer
1362,Melodie,Tayib,Melodie.Tayib@yopmail.com,Melodie.Tayib@gmail.com,worker
1363,Karena,Standing,Karena.Standing@yopmail.com,Karena.Standing@gmail.com,firefighter
1364,Sibella,Yusuk,Sibella.Yusuk@yopmail.com,Sibella.Yusuk@gmail.com,police officer
1365,Lily,Trace,Lily.Trace@yopmail.com,Lily.Trace@gmail.com,police officer
1366,Kirbee,Alisia,Kirbee.Alisia@yopmail.com,Kirbee.Alisia@gmail.com,police officer
1367,Beverley,Doig,Beverley.Doig@yopmail.com,Beverley.Doig@gmail.com,doctor
1368,Rhoda,Munn,Rhoda.Munn@yopmail.com,Rhoda.Munn@gmail.com,worker
1369,Sophia,Dichy,Sophia.Dichy@yopmail.com,Sophia.Dichy@gmail.com,doctor
1370,Alisha,Karylin,Alisha.Karylin@yopmail.com,Alisha.Karylin@gmail.com,developer
1371,Blake,Carolin,Blake.Carolin@yopmail.com,Blake.Carolin@gmail.com,developer
1372,Rosaline,Timon,Rosaline.Timon@yopmail.com,Rosaline.Timon@gmail.com,doctor
1373,Cordi,Anestassia,Cordi.Anestassia@yopmail.com,Cordi.Anestassia@gmail.com,firefighter
1374,Karly,Vharat,Karly.Vharat@yopmail.com,Karly.Vharat@gmail.com,doctor
1375,Rani,Sandye,Rani.Sandye@yopmail.com,Rani.Sandye@gmail.com,developer
1376,Nananne,Payson,Nananne.Payson@yopmail.com,Nananne.Payson@gmail.com,developer
1377,Ann-Marie,Hollingsworth,Ann-Marie.Hollingsworth@yopmail.com,Ann-Marie.Hollingsworth@gmail.com,firefighter
1378,Elena,Berriman,Elena.Berriman@yopmail.com,Elena.Berriman@gmail.com,firefighter
1379,Linet,Schlosser,Linet.Schlosser@yopmail.com,Linet.Schlosser@gmail.com,firefighter
1380,Meg,Willie,Meg.Willie@yopmail.com,Meg.Willie@gmail.com,doctor
1381,Philis,Brotherson,Philis.Brotherson@yopmail.com,Philis.Brotherson@gmail.com,worker
1382,Christal,Kendrick,Christal.Kendrick@yopmail.com,Christal.Kendrick@gmail.com,worker
1383,Mariann,Ovid,Mariann.Ovid@yopmail.com,Mariann.Ovid@gmail.com,doctor
1384,Lyssa,Chaing,Lyssa.Chaing@yopmail.com,Lyssa.Chaing@gmail.com,doctor
1385,Brietta,Federica,Brietta.Federica@yopmail.com,Brietta.Federica@gmail.com,firefighter
1386,Wileen,Alva,Wileen.Alva@yopmail.com,Wileen.Alva@gmail.com,doctor
1387,Gale,Kimmie,Gale.Kimmie@yopmail.com,Gale.Kimmie@gmail.com,police officer
1388,Madalyn,Waite,Madalyn.Waite@yopmail.com,Madalyn.Waite@gmail.com,worker
1389,Krystle,Jammal,Krystle.Jammal@yopmail.com,Krystle.Jammal@gmail.com,developer
1390,Riannon,Merat,Riannon.Merat@yopmail.com,Riannon.Merat@gmail.com,police officer
1391,Sean,Kesley,Sean.Kesley@yopmail.com,Sean.Kesley@gmail.com,firefighter
1392,Lusa,Hieronymus,Lusa.Hieronymus@yopmail.com,Lusa.Hieronymus@gmail.com,doctor
1393,Adelle,Bach,Adelle.Bach@yopmail.com,Adelle.Bach@gmail.com,police officer
1394,Madalyn,Kiersten,Madalyn.Kiersten@yopmail.com,Madalyn.Kiersten@gmail.com,developer
1395,Maye,Neils,Maye.Neils@yopmail.com,Maye.Neils@gmail.com,doctor
1396,Rosanne,Michella,Rosanne.Michella@yopmail.com,Rosanne.Michella@gmail.com,developer
1397,Louella,Desai,Louella.Desai@yopmail.com,Louella.Desai@gmail.com,doctor
1398,Minda,Briney,Minda.Briney@yopmail.com,Minda.Briney@gmail.com,firefighter
1399,Trudie,Ehrman,Trudie.Ehrman@yopmail.com,Trudie.Ehrman@gmail.com,firefighter
1400,Mamie,Urias,Mamie.Urias@yopmail.com,Mamie.Urias@gmail.com,worker
1401,Helsa,Tannie,Helsa.Tannie@yopmail.com,Helsa.Tannie@gmail.com,firefighter
1402,Leeanne,Suanne,Leeanne.Suanne@yopmail.com,Leeanne.Suanne@gmail.com,developer
1403,Tamqrah,Jagir,Tamqrah.Jagir@yopmail.com,Tamqrah.Jagir@gmail.com,firefighter
1404,Fawne,Vilma,Fawne.Vilma@yopmail.com,Fawne.Vilma@gmail.com,worker
1405,Aurore,Tamar,Aurore.Tamar@yopmail.com,Aurore.Tamar@gmail.com,police officer
1406,Ofilia,Fax,Ofilia.Fax@yopmail.com,Ofilia.Fax@gmail.com,doctor
1407,Shirlee,Travax,Shirlee.Travax@yopmail.com,Shirlee.Travax@gmail.com,firefighter
1408,Heddie,Merell,Heddie.Merell@yopmail.com,Heddie.Merell@gmail.com,firefighter
1409,Farrah,Croix,Farrah.Croix@yopmail.com,Farrah.Croix@gmail.com,police officer
1410,Ekaterina,Rolf,Ekaterina.Rolf@yopmail.com,Ekaterina.Rolf@gmail.com,firefighter
1411,Chastity,Caitlin,Chastity.Caitlin@yopmail.com,Chastity.Caitlin@gmail.com,doctor
1412,Paulita,Parsaye,Paulita.Parsaye@yopmail.com,Paulita.Parsaye@gmail.com,police officer
1413,Hollie,Persse,Hollie.Persse@yopmail.com,Hollie.Persse@gmail.com,police officer
1414,Tabbatha,Sprage,Tabbatha.Sprage@yopmail.com,Tabbatha.Sprage@gmail.com,worker
1415,Lisette,Wooster,Lisette.Wooster@yopmail.com,Lisette.Wooster@gmail.com,worker
1416,Ruthe,Esmaria,Ruthe.Esmaria@yopmail.com,Ruthe.Esmaria@gmail.com,firefighter
1417,Chrystel,Harriman,Chrystel.Harriman@yopmail.com,Chrystel.Harriman@gmail.com,worker
1418,Mildrid,Zamora,Mildrid.Zamora@yopmail.com,Mildrid.Zamora@gmail.com,developer
1419,Brianna,Lail,Brianna.Lail@yopmail.com,Brianna.Lail@gmail.com,developer
1420,Calla,Geffner,Calla.Geffner@yopmail.com,Calla.Geffner@gmail.com,firefighter
1421,Elvira,Solitta,Elvira.Solitta@yopmail.com,Elvira.Solitta@gmail.com,developer
1422,Imojean,Jalbert,Imojean.Jalbert@yopmail.com,Imojean.Jalbert@gmail.com,police officer
1423,Mariann,Joachim,Mariann.Joachim@yopmail.com,Mariann.Joachim@gmail.com,developer
1424,Daphne,Gregrory,Daphne.Gregrory@yopmail.com,Daphne.Gregrory@gmail.com,worker
1425,Aigneis,Talia,Aigneis.Talia@yopmail.com,Aigneis.Talia@gmail.com,developer
1426,Marita,Beebe,Marita.Beebe@yopmail.com,Marita.Beebe@gmail.com,firefighter
1427,Dulcinea,Primalia,Dulcinea.Primalia@yopmail.com,Dulcinea.Primalia@gmail.com,doctor
1428,Celisse,Kinnard,Celisse.Kinnard@yopmail.com,Celisse.Kinnard@gmail.com,doctor
1429,Mignon,Publia,Mignon.Publia@yopmail.com,Mignon.Publia@gmail.com,developer
1430,Reeba,Artie,Reeba.Artie@yopmail.com,Reeba.Artie@gmail.com,developer
1431,Stevana,Bashemeth,Stevana.Bashemeth@yopmail.com,Stevana.Bashemeth@gmail.com,developer
1432,Viviene,Liebermann,Viviene.Liebermann@yopmail.com,Viviene.Liebermann@gmail.com,doctor
1433,Tera,Nikaniki,Tera.Nikaniki@yopmail.com,Tera.Nikaniki@gmail.com,worker
1434,Konstance,Tacye,Konstance.Tacye@yopmail.com,Konstance.Tacye@gmail.com,doctor
1435,Micheline,Parette,Micheline.Parette@yopmail.com,Micheline.Parette@gmail.com,doctor
1436,Cindelyn,Fry,Cindelyn.Fry@yopmail.com,Cindelyn.Fry@gmail.com,police officer
1437,Quintina,Rozanna,Quintina.Rozanna@yopmail.com,Quintina.Rozanna@gmail.com,developer
1438,Damaris,Uird,Damaris.Uird@yopmail.com,Damaris.Uird@gmail.com,police officer
1439,Stacey,Dannye,Stacey.Dannye@yopmail.com,Stacey.Dannye@gmail.com,developer
1440,Yetty,Maribeth,Yetty.Maribeth@yopmail.com,Yetty.Maribeth@gmail.com,firefighter
1441,Clary,Valerio,Clary.Valerio@yopmail.com,Clary.Valerio@gmail.com,developer
1442,Viki,Gibbeon,Viki.Gibbeon@yopmail.com,Viki.Gibbeon@gmail.com,worker
1443,Lizzie,Lamoree,Lizzie.Lamoree@yopmail.com,Lizzie.Lamoree@gmail.com,developer
1444,Celestyna,Jerald,Celestyna.Jerald@yopmail.com,Celestyna.Jerald@gmail.com,worker
1445,Janis,Yam,Janis.Yam@yopmail.com,Janis.Yam@gmail.com,worker
1446,Arabel,Saunderson,Arabel.Saunderson@yopmail.com,Arabel.Saunderson@gmail.com,worker
1447,Gui,Glenden,Gui.Glenden@yopmail.com,Gui.Glenden@gmail.com,police officer
1448,Alameda,Shaver,Alameda.Shaver@yopmail.com,Alameda.Shaver@gmail.com,worker
1449,Gianina,Bivins,Gianina.Bivins@yopmail.com,Gianina.Bivins@gmail.com,police officer
1450,Chandra,Malvino,Chandra.Malvino@yopmail.com,Chandra.Malvino@gmail.com,firefighter
1451,Shel,Seagraves,Shel.Seagraves@yopmail.com,Shel.Seagraves@gmail.com,firefighter
1452,Tarra,Justinn,Tarra.Justinn@yopmail.com,Tarra.Justinn@gmail.com,police officer
1453,Gratia,Neva,Gratia.Neva@yopmail.com,Gratia.Neva@gmail.com,firefighter
1454,Bibby,Claudine,Bibby.Claudine@yopmail.com,Bibby.Claudine@gmail.com,developer
1455,Ebonee,Estella,Ebonee.Estella@yopmail.com,Ebonee.Estella@gmail.com,firefighter
1456,Jere,Bultman,Jere.Bultman@yopmail.com,Jere.Bultman@gmail.com,developer
1457,Renie,Henrie,Renie.Henrie@yopmail.com,Renie.Henrie@gmail.com,developer
1458,Talya,Dielu,Talya.Dielu@yopmail.com,Talya.Dielu@gmail.com,developer
1459,Emilia,Kelula,Emilia.Kelula@yopmail.com,Emilia.Kelula@gmail.com,developer
1460,Babita,Dorine,Babita.Dorine@yopmail.com,Babita.Dorine@gmail.com,worker
1461,Dominga,Nore,Dominga.Nore@yopmail.com,Dominga.Nore@gmail.com,worker
1462,Modestia,Artie,Modestia.Artie@yopmail.com,Modestia.Artie@gmail.com,firefighter
1463,Gilligan,Salchunas,Gilligan.Salchunas@yopmail.com,Gilligan.Salchunas@gmail.com,worker
1464,Almeta,Wiener,Almeta.Wiener@yopmail.com,Almeta.Wiener@gmail.com,worker
1465,Ardeen,Germann,Ardeen.Germann@yopmail.com,Ardeen.Germann@gmail.com,doctor
1466,Mady,Astra,Mady.Astra@yopmail.com,Mady.Astra@gmail.com,firefighter
1467,Maye,Magdalen,Maye.Magdalen@yopmail.com,Maye.Magdalen@gmail.com,doctor
1468,Ayn,Suanne,Ayn.Suanne@yopmail.com,Ayn.Suanne@gmail.com,doctor
1469,Gavrielle,Erskine,Gavrielle.Erskine@yopmail.com,Gavrielle.Erskine@gmail.com,developer
1470,Penelopa,Klemperer,Penelopa.Klemperer@yopmail.com,Penelopa.Klemperer@gmail.com,police officer
1471,Viviene,Pillsbury,Viviene.Pillsbury@yopmail.com,Viviene.Pillsbury@gmail.com,firefighter
1472,Eolanda,Albertine,Eolanda.Albertine@yopmail.com,Eolanda.Albertine@gmail.com,police officer
1473,Amelia,Edison,Amelia.Edison@yopmail.com,Amelia.Edison@gmail.com,worker
1474,Lesly,Darian,Lesly.Darian@yopmail.com,Lesly.Darian@gmail.com,developer
1475,Tierney,Bivins,Tierney.Bivins@yopmail.com,Tierney.Bivins@gmail.com,worker
1476,Nananne,Allare,Nananne.Allare@yopmail.com,Nananne.Allare@gmail.com,police officer
1477,Lisette,Croix,Lisette.Croix@yopmail.com,Lisette.Croix@gmail.com,developer
1478,Augustine,O'Carroll,Augustine.O'Carroll@yopmail.com,Augustine.O'Carroll@gmail.com,firefighter
1479,Georgetta,Westphal,Georgetta.Westphal@yopmail.com,Georgetta.Westphal@gmail.com,worker
1480,Wileen,Valerio,Wileen.Valerio@yopmail.com,Wileen.Valerio@gmail.com,worker
1481,Christian,Schlosser,Christian.Schlosser@yopmail.com,Christian.Schlosser@gmail.com,developer
1482,Jillayne,Cottle,Jillayne.Cottle@yopmail.com,Jillayne.Cottle@gmail.com,developer
1483,Rori,Toni,Rori.Toni@yopmail.com,Rori.Toni@gmail.com,developer
1484,Danny,Salvidor,Danny.Salvidor@yopmail.com,Danny.Salvidor@gmail.com,firefighter
1485,Belva,Sacken,Belva.Sacken@yopmail.com,Belva.Sacken@gmail.com,doctor
1486,Cyndie,Donoghue,Cyndie.Donoghue@yopmail.com,Cyndie.Donoghue@gmail.com,worker
1487,Tarra,Muriel,Tarra.Muriel@yopmail.com,Tarra.Muriel@gmail.com,police officer
1488,Jobi,Hessler,Jobi.Hessler@yopmail.com,Jobi.Hessler@gmail.com,worker
1489,Rivalee,Florina,Rivalee.Florina@yopmail.com,Rivalee.Florina@gmail.com,police officer
1490,Albertina,Reneta,Albertina.Reneta@yopmail.com,Albertina.Reneta@gmail.com,firefighter
1491,Melodie,Cleo,Melodie.Cleo@yopmail.com,Melodie.Cleo@gmail.com,police officer
1492,Anica,Gherardo,Anica.Gherardo@yopmail.com,Anica.Gherardo@gmail.com,doctor
1493,Asia,Lacombe,Asia.Lacombe@yopmail.com,Asia.Lacombe@gmail.com,developer
1494,Dianemarie,Tatianas,Dianemarie.Tatianas@yopmail.com,Dianemarie.Tatianas@gmail.com,police officer
1495,Korrie,Gladstone,Korrie.Gladstone@yopmail.com,Korrie.Gladstone@gmail.com,developer
1496,Goldie,Klotz,Goldie.Klotz@yopmail.com,Goldie.Klotz@gmail.com,worker
1497,Ricky,Newell,Ricky.Newell@yopmail.com,Ricky.Newell@gmail.com,developer
1498,Marti,Bartlett,Marti.Bartlett@yopmail.com,Marti.Bartlett@gmail.com,police officer
1499,Ada,Mathilde,Ada.Mathilde@yopmail.com,Ada.Mathilde@gmail.com,police officer
1500,Rori,Ashely,Rori.Ashely@yopmail.com,Rori.Ashely@gmail.com,developer
1501,Tera,Chauncey,Tera.Chauncey@yopmail.com,Tera.Chauncey@gmail.com,firefighter
1502,Sallie,Ferrell,Sallie.Ferrell@yopmail.com,Sallie.Ferrell@gmail.com,worker
1503,Melina,Cosenza,Melina.Cosenza@yopmail.com,Melina.Cosenza@gmail.com,developer
1504,Gavrielle,Johnsson,Gavrielle.Johnsson@yopmail.com,Gavrielle.Johnsson@gmail.com,developer
1505,Mady,Casimir,Mady.Casimir@yopmail.com,Mady.Casimir@gmail.com,police officer
1506,Janis,Giff,Janis.Giff@yopmail.com,Janis.Giff@gmail.com,police officer
1507,Mariann,Kolnick,Mariann.Kolnick@yopmail.com,Mariann.Kolnick@gmail.com,police officer
1508,Phedra,Zrike,Phedra.Zrike@yopmail.com,Phedra.Zrike@gmail.com,firefighter
1509,Marylou,Alexandr,Marylou.Alexandr@yopmail.com,Marylou.Alexandr@gmail.com,police officer
1510,Rivalee,Sabella,Rivalee.Sabella@yopmail.com,Rivalee.Sabella@gmail.com,developer
1511,Maridel,Bronk,Maridel.Bronk@yopmail.com,Maridel.Bronk@gmail.com,worker
1512,Kore,Ardeha,Kore.Ardeha@yopmail.com,Kore.Ardeha@gmail.com,developer
1513,Thalia,Adamsen,Thalia.Adamsen@yopmail.com,Thalia.Adamsen@gmail.com,firefighter
1514,Kelly,Vastah,Kelly.Vastah@yopmail.com,Kelly.Vastah@gmail.com,doctor
1515,Kirbee,Alejoa,Kirbee.Alejoa@yopmail.com,Kirbee.Alejoa@gmail.com,doctor
1516,Sonni,Oscar,Sonni.Oscar@yopmail.com,Sonni.Oscar@gmail.com,doctor
1517,Deedee,Lattie,Deedee.Lattie@yopmail.com,Deedee.Lattie@gmail.com,developer
1518,Jany,Elsinore,Jany.Elsinore@yopmail.com,Jany.Elsinore@gmail.com,worker
1519,Lanna,Tillford,Lanna.Tillford@yopmail.com,Lanna.Tillford@gmail.com,doctor
1520,Vevay,Laverne,Vevay.Laverne@yopmail.com,Vevay.Laverne@gmail.com,firefighter
1521,Fayre,Ephrem,Fayre.Ephrem@yopmail.com,Fayre.Ephrem@gmail.com,worker
1522,Paola,Cookie,Paola.Cookie@yopmail.com,Paola.Cookie@gmail.com,firefighter
1523,Juliane,Idelia,Juliane.Idelia@yopmail.com,Juliane.Idelia@gmail.com,police officer
1524,Beth,Burch,Beth.Burch@yopmail.com,Beth.Burch@gmail.com,worker
1525,Verla,Mata,Verla.Mata@yopmail.com,Verla.Mata@gmail.com,firefighter
1526,Christal,Weaks,Christal.Weaks@yopmail.com,Christal.Weaks@gmail.com,doctor
1527,Kial,Pip,Kial.Pip@yopmail.com,Kial.Pip@gmail.com,firefighter
1528,Ericka,Baptlsta,Ericka.Baptlsta@yopmail.com,Ericka.Baptlsta@gmail.com,doctor
1529,Gilligan,Marsden,Gilligan.Marsden@yopmail.com,Gilligan.Marsden@gmail.com,worker
1530,Dulce,Gaulin,Dulce.Gaulin@yopmail.com,Dulce.Gaulin@gmail.com,doctor
1531,Linzy,Randene,Linzy.Randene@yopmail.com,Linzy.Randene@gmail.com,worker
1532,Michaelina,Marsden,Michaelina.Marsden@yopmail.com,Michaelina.Marsden@gmail.com,police officer
1533,Charlena,Mike,Charlena.Mike@yopmail.com,Charlena.Mike@gmail.com,doctor
1534,Michaelina,Vastah,Michaelina.Vastah@yopmail.com,Michaelina.Vastah@gmail.com,developer
1535,Emylee,Phi,Emylee.Phi@yopmail.com,Emylee.Phi@gmail.com,worker
1536,Norine,Wesle,Norine.Wesle@yopmail.com,Norine.Wesle@gmail.com,firefighter
1537,Gianina,Cutlerr,Gianina.Cutlerr@yopmail.com,Gianina.Cutlerr@gmail.com,firefighter
1538,Bettine,Cherianne,Bettine.Cherianne@yopmail.com,Bettine.Cherianne@gmail.com,firefighter
1539,Damaris,Papageno,Damaris.Papageno@yopmail.com,Damaris.Papageno@gmail.com,doctor
1540,Nataline,Tarrant,Nataline.Tarrant@yopmail.com,Nataline.Tarrant@gmail.com,firefighter
1541,Cecile,Vastah,Cecile.Vastah@yopmail.com,Cecile.Vastah@gmail.com,developer
1542,Dode,Hanleigh,Dode.Hanleigh@yopmail.com,Dode.Hanleigh@gmail.com,doctor
1543,Renae,Matthew,Renae.Matthew@yopmail.com,Renae.Matthew@gmail.com,doctor
1544,Gusty,Narton,Gusty.Narton@yopmail.com,Gusty.Narton@gmail.com,developer
1545,Kellen,Jaylene,Kellen.Jaylene@yopmail.com,Kellen.Jaylene@gmail.com,police officer
1546,Heddie,Engdahl,Heddie.Engdahl@yopmail.com,Heddie.Engdahl@gmail.com,worker
1547,Nanete,McCutcheon,Nanete.McCutcheon@yopmail.com,Nanete.McCutcheon@gmail.com,police officer
1548,Marline,Annabella,Marline.Annabella@yopmail.com,Marline.Annabella@gmail.com,doctor
1549,Nicoli,Gower,Nicoli.Gower@yopmail.com,Nicoli.Gower@gmail.com,firefighter
1550,Ethel,Pelagias,Ethel.Pelagias@yopmail.com,Ethel.Pelagias@gmail.com,developer
1551,Bernardine,Fredi,Bernardine.Fredi@yopmail.com,Bernardine.Fredi@gmail.com,developer
1552,Chere,Jerald,Chere.Jerald@yopmail.com,Chere.Jerald@gmail.com,police officer
1553,Mallory,Gahl,Mallory.Gahl@yopmail.com,Mallory.Gahl@gmail.com,police officer
1554,Jsandye,Arathorn,Jsandye.Arathorn@yopmail.com,Jsandye.Arathorn@gmail.com,police officer
1555,Amara,Felizio,Amara.Felizio@yopmail.com,Amara.Felizio@gmail.com,police officer
1556,Celisse,Nahum,Celisse.Nahum@yopmail.com,Celisse.Nahum@gmail.com,worker
1557,Ottilie,Delila,Ottilie.Delila@yopmail.com,Ottilie.Delila@gmail.com,worker
1558,Winifred,Sacken,Winifred.Sacken@yopmail.com,Winifred.Sacken@gmail.com,worker
1559,Blake,Connelly,Blake.Connelly@yopmail.com,Blake.Connelly@gmail.com,developer
1560,Adelle,Wind,Adelle.Wind@yopmail.com,Adelle.Wind@gmail.com,police officer
1561,Kaia,Karna,Kaia.Karna@yopmail.com,Kaia.Karna@gmail.com,developer
1562,Hannis,Marlie,Hannis.Marlie@yopmail.com,Hannis.Marlie@gmail.com,doctor
1563,Mary,Oscar,Mary.Oscar@yopmail.com,Mary.Oscar@gmail.com,firefighter
1564,Consuela,Bendick,Consuela.Bendick@yopmail.com,Consuela.Bendick@gmail.com,doctor
1565,Steffane,Cyrie,Steffane.Cyrie@yopmail.com,Steffane.Cyrie@gmail.com,police officer
1566,Gloria,Ophelia,Gloria.Ophelia@yopmail.com,Gloria.Ophelia@gmail.com,police officer
1567,Bibby,Pip,Bibby.Pip@yopmail.com,Bibby.Pip@gmail.com,police officer
1568,Malina,Wareing,Malina.Wareing@yopmail.com,Malina.Wareing@gmail.com,doctor
1569,Ernesta,Tamsky,Ernesta.Tamsky@yopmail.com,Ernesta.Tamsky@gmail.com,police officer
1570,Cindelyn,O'Rourke,Cindelyn.O'Rourke@yopmail.com,Cindelyn.O'Rourke@gmail.com,developer
1571,Ida,Percy,Ida.Percy@yopmail.com,Ida.Percy@gmail.com,developer
1572,Audrie,Odysseus,Audrie.Odysseus@yopmail.com,Audrie.Odysseus@gmail.com,worker
1573,Binny,McCutcheon,Binny.McCutcheon@yopmail.com,Binny.McCutcheon@gmail.com,developer
1574,Liana,Letsou,Liana.Letsou@yopmail.com,Liana.Letsou@gmail.com,developer
1575,Molli,Francyne,Molli.Francyne@yopmail.com,Molli.Francyne@gmail.com,worker
1576,Minne,Avi,Minne.Avi@yopmail.com,Minne.Avi@gmail.com,firefighter
1577,Liana,Vorster,Liana.Vorster@yopmail.com,Liana.Vorster@gmail.com,developer
1578,Audrie,Kazimir,Audrie.Kazimir@yopmail.com,Audrie.Kazimir@gmail.com,worker
1579,Cassandra,Soneson,Cassandra.Soneson@yopmail.com,Cassandra.Soneson@gmail.com,police officer
1580,Tera,Judye,Tera.Judye@yopmail.com,Tera.Judye@gmail.com,developer
1581,Linet,Dreda,Linet.Dreda@yopmail.com,Linet.Dreda@gmail.com,firefighter
1582,Queenie,Ezar,Queenie.Ezar@yopmail.com,Queenie.Ezar@gmail.com,developer
1583,Laure,Cleavland,Laure.Cleavland@yopmail.com,Laure.Cleavland@gmail.com,worker
1584,Dolli,Kinnard,Dolli.Kinnard@yopmail.com,Dolli.Kinnard@gmail.com,worker
1585,Lolita,Girardo,Lolita.Girardo@yopmail.com,Lolita.Girardo@gmail.com,developer
1586,Janis,Camden,Janis.Camden@yopmail.com,Janis.Camden@gmail.com,doctor
1587,Ashlee,Ade,Ashlee.Ade@yopmail.com,Ashlee.Ade@gmail.com,worker
1588,Cissiee,Carleen,Cissiee.Carleen@yopmail.com,Cissiee.Carleen@gmail.com,developer
1589,Peri,Hilbert,Peri.Hilbert@yopmail.com,Peri.Hilbert@gmail.com,police officer
1590,Gwenneth,Shanley,Gwenneth.Shanley@yopmail.com,Gwenneth.Shanley@gmail.com,worker
1591,Dawn,Annabella,Dawn.Annabella@yopmail.com,Dawn.Annabella@gmail.com,police officer
1592,Catharine,Levey,Catharine.Levey@yopmail.com,Catharine.Levey@gmail.com,police officer
1593,Sallie,Lipson,Sallie.Lipson@yopmail.com,Sallie.Lipson@gmail.com,developer
1594,Eadie,Jobi,Eadie.Jobi@yopmail.com,Eadie.Jobi@gmail.com,firefighter
1595,Minne,Richers,Minne.Richers@yopmail.com,Minne.Richers@gmail.com,developer
1596,Sibella,Urania,Sibella.Urania@yopmail.com,Sibella.Urania@gmail.com,worker
1597,Jillayne,McClimans,Jillayne.McClimans@yopmail.com,Jillayne.McClimans@gmail.com,developer
1598,Robbi,Nance,Robbi.Nance@yopmail.com,Robbi.Nance@gmail.com,firefighter
1599,Bernardine,Stevy,Bernardine.Stevy@yopmail.com,Bernardine.Stevy@gmail.com,firefighter
1600,Althea,Marijo,Althea.Marijo@yopmail.com,Althea.Marijo@gmail.com,developer
1601,Valli,Faust,Valli.Faust@yopmail.com,Valli.Faust@gmail.com,doctor
1602,Heida,Whiffen,Heida.Whiffen@yopmail.com,Heida.Whiffen@gmail.com,firefighter
1603,Letizia,Ammann,Letizia.Ammann@yopmail.com,Letizia.Ammann@gmail.com,worker
1604,Inga,Isacco,Inga.Isacco@yopmail.com,Inga.Isacco@gmail.com,developer
1605,Alameda,Orpah,Alameda.Orpah@yopmail.com,Alameda.Orpah@gmail.com,worker
1606,Nelle,Halsey,Nelle.Halsey@yopmail.com,Nelle.Halsey@gmail.com,doctor
1607,Kylynn,Melony,Kylynn.Melony@yopmail.com,Kylynn.Melony@gmail.com,firefighter
1608,Fidelia,Reinke,Fidelia.Reinke@yopmail.com,Fidelia.Reinke@gmail.com,firefighter
1609,Pearline,Saree,Pearline.Saree@yopmail.com,Pearline.Saree@gmail.com,police officer
1610,Jackie,Vilma,Jackie.Vilma@yopmail.com,Jackie.Vilma@gmail.com,firefighter
1611,Beverley,Roumell,Beverley.Roumell@yopmail.com,Beverley.Roumell@gmail.com,police officer
1612,Paule,Pitt,Paule.Pitt@yopmail.com,Paule.Pitt@gmail.com,firefighter
1613,Roz,Justinn,Roz.Justinn@yopmail.com,Roz.Justinn@gmail.com,police officer
1614,Janey,Ingra,Janey.Ingra@yopmail.com,Janey.Ingra@gmail.com,firefighter
1615,Carmencita,MacIntosh,Carmencita.MacIntosh@yopmail.com,Carmencita.MacIntosh@gmail.com,doctor
1616,Kaja,Madelene,Kaja.Madelene@yopmail.com,Kaja.Madelene@gmail.com,worker
1617,Annice,Ashely,Annice.Ashely@yopmail.com,Annice.Ashely@gmail.com,developer
1618,Lorie,Gino,Lorie.Gino@yopmail.com,Lorie.Gino@gmail.com,police officer
1619,Ardenia,Plato,Ardenia.Plato@yopmail.com,Ardenia.Plato@gmail.com,developer
1620,Rayna,Pulsifer,Rayna.Pulsifer@yopmail.com,Rayna.Pulsifer@gmail.com,doctor
1621,Bernardine,Kiersten,Bernardine.Kiersten@yopmail.com,Bernardine.Kiersten@gmail.com,doctor
1622,Misha,Anton,Misha.Anton@yopmail.com,Misha.Anton@gmail.com,developer
1623,Cathie,Greenwald,Cathie.Greenwald@yopmail.com,Cathie.Greenwald@gmail.com,developer
1624,Rani,Winthorpe,Rani.Winthorpe@yopmail.com,Rani.Winthorpe@gmail.com,developer
1625,Celestyna,Rurik,Celestyna.Rurik@yopmail.com,Celestyna.Rurik@gmail.com,developer
1626,Fawne,Francene,Fawne.Francene@yopmail.com,Fawne.Francene@gmail.com,doctor
1627,Rani,Skell,Rani.Skell@yopmail.com,Rani.Skell@gmail.com,worker
1628,Susan,Corilla,Susan.Corilla@yopmail.com,Susan.Corilla@gmail.com,doctor
1629,Tonia,Sadowski,Tonia.Sadowski@yopmail.com,Tonia.Sadowski@gmail.com,developer
1630,Molli,Izaak,Molli.Izaak@yopmail.com,Molli.Izaak@gmail.com,worker
1631,Elvira,Callista,Elvira.Callista@yopmail.com,Elvira.Callista@gmail.com,worker
1632,Gretal,Lemuela,Gretal.Lemuela@yopmail.com,Gretal.Lemuela@gmail.com,worker
1633,Binny,Byrne,Binny.Byrne@yopmail.com,Binny.Byrne@gmail.com,doctor
1634,Betta,Fennessy,Betta.Fennessy@yopmail.com,Betta.Fennessy@gmail.com,police officer
1635,Cam,Francyne,Cam.Francyne@yopmail.com,Cam.Francyne@gmail.com,worker
1636,Lynea,Hoenack,Lynea.Hoenack@yopmail.com,Lynea.Hoenack@gmail.com,developer
1637,Sheelagh,Camden,Sheelagh.Camden@yopmail.com,Sheelagh.Camden@gmail.com,developer
1638,Blondelle,Madox,Blondelle.Madox@yopmail.com,Blondelle.Madox@gmail.com,developer
1639,Magdalena,Edee,Magdalena.Edee@yopmail.com,Magdalena.Edee@gmail.com,firefighter
1640,Tomasina,Neils,Tomasina.Neils@yopmail.com,Tomasina.Neils@gmail.com,developer
1641,Rayna,Thornburg,Rayna.Thornburg@yopmail.com,Rayna.Thornburg@gmail.com,worker
1642,Sheree,Helfand,Sheree.Helfand@yopmail.com,Sheree.Helfand@gmail.com,worker
1643,Belinda,Hoenack,Belinda.Hoenack@yopmail.com,Belinda.Hoenack@gmail.com,police officer
1644,Ermengarde,Stevy,Ermengarde.Stevy@yopmail.com,Ermengarde.Stevy@gmail.com,firefighter
1645,Aili,LaRue,Aili.LaRue@yopmail.com,Aili.LaRue@gmail.com,developer
1646,Ruthe,Cornelia,Ruthe.Cornelia@yopmail.com,Ruthe.Cornelia@gmail.com,police officer
1647,Joy,Ledah,Joy.Ledah@yopmail.com,Joy.Ledah@gmail.com,firefighter
1648,Fayre,Hortensia,Fayre.Hortensia@yopmail.com,Fayre.Hortensia@gmail.com,firefighter
1649,Orsola,Sabella,Orsola.Sabella@yopmail.com,Orsola.Sabella@gmail.com,firefighter
1650,Doro,Gert,Doro.Gert@yopmail.com,Doro.Gert@gmail.com,developer
1651,Albertina,Argus,Albertina.Argus@yopmail.com,Albertina.Argus@gmail.com,worker
1652,Valli,Jehu,Valli.Jehu@yopmail.com,Valli.Jehu@gmail.com,police officer
1653,Cherilyn,Eldrid,Cherilyn.Eldrid@yopmail.com,Cherilyn.Eldrid@gmail.com,police officer
1654,Tybie,Adalbert,Tybie.Adalbert@yopmail.com,Tybie.Adalbert@gmail.com,doctor
1655,Rosaline,Gavrila,Rosaline.Gavrila@yopmail.com,Rosaline.Gavrila@gmail.com,police officer
1656,Vita,Nelsen,Vita.Nelsen@yopmail.com,Vita.Nelsen@gmail.com,worker
1657,Briney,Phi,Briney.Phi@yopmail.com,Briney.Phi@gmail.com,doctor
1658,Vonny,Malvino,Vonny.Malvino@yopmail.com,Vonny.Malvino@gmail.com,developer
1659,Xylina,Delila,Xylina.Delila@yopmail.com,Xylina.Delila@gmail.com,developer
1660,Reeba,Madelene,Reeba.Madelene@yopmail.com,Reeba.Madelene@gmail.com,doctor
1661,Mallory,Maples,Mallory.Maples@yopmail.com,Mallory.Maples@gmail.com,police officer
1662,Gerianna,Holbrook,Gerianna.Holbrook@yopmail.com,Gerianna.Holbrook@gmail.com,developer
1663,Kate,Karl,Kate.Karl@yopmail.com,Kate.Karl@gmail.com,firefighter
1664,Kary,Howlyn,Kary.Howlyn@yopmail.com,Kary.Howlyn@gmail.com,police officer
1665,Mamie,Tufts,Mamie.Tufts@yopmail.com,Mamie.Tufts@gmail.com,firefighter
1666,Celestyna,Torray,Celestyna.Torray@yopmail.com,Celestyna.Torray@gmail.com,worker
1667,Sue,Curren,Sue.Curren@yopmail.com,Sue.Curren@gmail.com,doctor
1668,Loree,Pearse,Loree.Pearse@yopmail.com,Loree.Pearse@gmail.com,doctor
1669,Marika,Remmer,Marika.Remmer@yopmail.com,Marika.Remmer@gmail.com,doctor
1670,Belinda,Halla,Belinda.Halla@yopmail.com,Belinda.Halla@gmail.com,worker
1671,Flory,Warthman,Flory.Warthman@yopmail.com,Flory.Warthman@gmail.com,developer
1672,Lolita,Sheng,Lolita.Sheng@yopmail.com,Lolita.Sheng@gmail.com,worker
1673,Patricia,Daveta,Patricia.Daveta@yopmail.com,Patricia.Daveta@gmail.com,doctor
1674,Margalo,Holtz,Margalo.Holtz@yopmail.com,Margalo.Holtz@gmail.com,firefighter
1675,Cassondra,Denis,Cassondra.Denis@yopmail.com,Cassondra.Denis@gmail.com,doctor
1676,Aigneis,Bollay,Aigneis.Bollay@yopmail.com,Aigneis.Bollay@gmail.com,doctor
1677,Rhoda,Mendez,Rhoda.Mendez@yopmail.com,Rhoda.Mendez@gmail.com,firefighter
1678,Adele,Louanna,Adele.Louanna@yopmail.com,Adele.Louanna@gmail.com,police officer
1679,Roseline,Giff,Roseline.Giff@yopmail.com,Roseline.Giff@gmail.com,developer
1680,Queenie,Lewes,Queenie.Lewes@yopmail.com,Queenie.Lewes@gmail.com,doctor
1681,Daryl,Toni,Daryl.Toni@yopmail.com,Daryl.Toni@gmail.com,doctor
1682,Isa,Wesle,Isa.Wesle@yopmail.com,Isa.Wesle@gmail.com,police officer
1683,Aaren,Gaal,Aaren.Gaal@yopmail.com,Aaren.Gaal@gmail.com,firefighter
1684,Lory,Junie,Lory.Junie@yopmail.com,Lory.Junie@gmail.com,firefighter
1685,Gilligan,Frendel,Gilligan.Frendel@yopmail.com,Gilligan.Frendel@gmail.com,firefighter
1686,Georgina,Herrera,Georgina.Herrera@yopmail.com,Georgina.Herrera@gmail.com,firefighter
1687,Margette,Kenney,Margette.Kenney@yopmail.com,Margette.Kenney@gmail.com,doctor
1688,Libbie,Obed,Libbie.Obed@yopmail.com,Libbie.Obed@gmail.com,doctor
1689,Gabriellia,Killigrew,Gabriellia.Killigrew@yopmail.com,Gabriellia.Killigrew@gmail.com,firefighter
1690,Dede,Pelagias,Dede.Pelagias@yopmail.com,Dede.Pelagias@gmail.com,worker
1691,Kristina,Marden,Kristina.Marden@yopmail.com,Kristina.Marden@gmail.com,developer
1692,Shaylyn,Maryanne,Shaylyn.Maryanne@yopmail.com,Shaylyn.Maryanne@gmail.com,police officer
1693,Rivalee,Argus,Rivalee.Argus@yopmail.com,Rivalee.Argus@gmail.com,firefighter
1694,Elmira,Gemini,Elmira.Gemini@yopmail.com,Elmira.Gemini@gmail.com,developer
1695,Misha,Aaberg,Misha.Aaberg@yopmail.com,Misha.Aaberg@gmail.com,police officer
1696,Merry,Selway,Merry.Selway@yopmail.com,Merry.Selway@gmail.com,doctor
1697,Beatriz,Brenn,Beatriz.Brenn@yopmail.com,Beatriz.Brenn@gmail.com,firefighter
1698,Gloria,Hourigan,Gloria.Hourigan@yopmail.com,Gloria.Hourigan@gmail.com,worker
1699,Rosaline,Tristram,Rosaline.Tristram@yopmail.com,Rosaline.Tristram@gmail.com,worker
1700,Karina,Nore,Karina.Nore@yopmail.com,Karina.Nore@gmail.com,worker
1701,Gretal,Sibyls,Gretal.Sibyls@yopmail.com,Gretal.Sibyls@gmail.com,doctor
1702,Annaliese,Mayeda,Annaliese.Mayeda@yopmail.com,Annaliese.Mayeda@gmail.com,firefighter
1703,Corry,Sophronia,Corry.Sophronia@yopmail.com,Corry.Sophronia@gmail.com,firefighter
1704,Carlie,Dermott,Carlie.Dermott@yopmail.com,Carlie.Dermott@gmail.com,police officer
1705,Shaine,Bonucci,Shaine.Bonucci@yopmail.com,Shaine.Bonucci@gmail.com,doctor
1706,Zaria,Emmaline,Zaria.Emmaline@yopmail.com,Zaria.Emmaline@gmail.com,worker
1707,Lanae,Monk,Lanae.Monk@yopmail.com,Lanae.Monk@gmail.com,doctor
1708,Fina,Callista,Fina.Callista@yopmail.com,Fina.Callista@gmail.com,firefighter
1709,Emylee,Tound,Emylee.Tound@yopmail.com,Emylee.Tound@gmail.com,firefighter
1710,Lily,Ruvolo,Lily.Ruvolo@yopmail.com,Lily.Ruvolo@gmail.com,worker
1711,Lynnea,Amasa,Lynnea.Amasa@yopmail.com,Lynnea.Amasa@gmail.com,developer
1712,Charmaine,Alva,Charmaine.Alva@yopmail.com,Charmaine.Alva@gmail.com,doctor
1713,Fidelia,Bettine,Fidelia.Bettine@yopmail.com,Fidelia.Bettine@gmail.com,doctor
1714,Rhea,Radu,Rhea.Radu@yopmail.com,Rhea.Radu@gmail.com,developer
1715,Hannis,Waldron,Hannis.Waldron@yopmail.com,Hannis.Waldron@gmail.com,police officer
1716,Rubie,Moseley,Rubie.Moseley@yopmail.com,Rubie.Moseley@gmail.com,worker
1717,Natka,Idelia,Natka.Idelia@yopmail.com,Natka.Idelia@gmail.com,police officer
1718,Katleen,Trey,Katleen.Trey@yopmail.com,Katleen.Trey@gmail.com,firefighter
1719,Carmela,Rolf,Carmela.Rolf@yopmail.com,Carmela.Rolf@gmail.com,doctor
1720,Kaia,Clie,Kaia.Clie@yopmail.com,Kaia.Clie@gmail.com,doctor
1721,Carlie,Schenck,Carlie.Schenck@yopmail.com,Carlie.Schenck@gmail.com,firefighter
1722,Willetta,Nelsen,Willetta.Nelsen@yopmail.com,Willetta.Nelsen@gmail.com,doctor
1723,Benita,Nerita,Benita.Nerita@yopmail.com,Benita.Nerita@gmail.com,firefighter
1724,Glynnis,Desai,Glynnis.Desai@yopmail.com,Glynnis.Desai@gmail.com,firefighter
1725,Gwyneth,Carbo,Gwyneth.Carbo@yopmail.com,Gwyneth.Carbo@gmail.com,worker
1726,Steffane,Wilkinson,Steffane.Wilkinson@yopmail.com,Steffane.Wilkinson@gmail.com,doctor
1727,Miquela,Natalia,Miquela.Natalia@yopmail.com,Miquela.Natalia@gmail.com,police officer
1728,Philis,Faust,Philis.Faust@yopmail.com,Philis.Faust@gmail.com,firefighter
1729,Kary,Eiser,Kary.Eiser@yopmail.com,Kary.Eiser@gmail.com,doctor
1730,Cam,Corrine,Cam.Corrine@yopmail.com,Cam.Corrine@gmail.com,firefighter
1731,Camile,Pulsifer,Camile.Pulsifer@yopmail.com,Camile.Pulsifer@gmail.com,firefighter
1732,Dacia,Hubert,Dacia.Hubert@yopmail.com,Dacia.Hubert@gmail.com,police officer
1733,Delilah,Munn,Delilah.Munn@yopmail.com,Delilah.Munn@gmail.com,worker
1734,Frank,Dalli,Frank.Dalli@yopmail.com,Frank.Dalli@gmail.com,police officer
1735,Stephanie,Lewes,Stephanie.Lewes@yopmail.com,Stephanie.Lewes@gmail.com,doctor
1736,Orsola,Bonilla,Orsola.Bonilla@yopmail.com,Orsola.Bonilla@gmail.com,developer
1737,Leia,Alva,Leia.Alva@yopmail.com,Leia.Alva@gmail.com,doctor
1738,Mara,Heidt,Mara.Heidt@yopmail.com,Mara.Heidt@gmail.com,police officer
1739,Celestyna,Pip,Celestyna.Pip@yopmail.com,Celestyna.Pip@gmail.com,firefighter
1740,Modestia,Newell,Modestia.Newell@yopmail.com,Modestia.Newell@gmail.com,developer
1741,Jenilee,Mehalek,Jenilee.Mehalek@yopmail.com,Jenilee.Mehalek@gmail.com,doctor
1742,Reeba,Melan,Reeba.Melan@yopmail.com,Reeba.Melan@gmail.com,developer
1743,Selia,Hoenack,Selia.Hoenack@yopmail.com,Selia.Hoenack@gmail.com,doctor
1744,Madeleine,Belldas,Madeleine.Belldas@yopmail.com,Madeleine.Belldas@gmail.com,worker
1745,Elise,Ashely,Elise.Ashely@yopmail.com,Elise.Ashely@gmail.com,doctor
1746,Kerrin,Frendel,Kerrin.Frendel@yopmail.com,Kerrin.Frendel@gmail.com,firefighter
1747,Adele,Trey,Adele.Trey@yopmail.com,Adele.Trey@gmail.com,worker
1748,Sheree,Breed,Sheree.Breed@yopmail.com,Sheree.Breed@gmail.com,developer
1749,Maurene,Cordi,Maurene.Cordi@yopmail.com,Maurene.Cordi@gmail.com,firefighter
1750,Karolina,Berard,Karolina.Berard@yopmail.com,Karolina.Berard@gmail.com,firefighter
1751,Jordan,Dannye,Jordan.Dannye@yopmail.com,Jordan.Dannye@gmail.com,doctor
1752,Willetta,McCutcheon,Willetta.McCutcheon@yopmail.com,Willetta.McCutcheon@gmail.com,police officer
1753,Evita,Riva,Evita.Riva@yopmail.com,Evita.Riva@gmail.com,worker
1754,Corry,Claudine,Corry.Claudine@yopmail.com,Corry.Claudine@gmail.com,firefighter
1755,Paulita,Edee,Paulita.Edee@yopmail.com,Paulita.Edee@gmail.com,worker
1756,Kathy,Joli,Kathy.Joli@yopmail.com,Kathy.Joli@gmail.com,worker
1757,Aili,Hashim,Aili.Hashim@yopmail.com,Aili.Hashim@gmail.com,doctor
1758,Isa,Bow,Isa.Bow@yopmail.com,Isa.Bow@gmail.com,doctor
1759,Kalina,Lacombe,Kalina.Lacombe@yopmail.com,Kalina.Lacombe@gmail.com,firefighter
1760,Malina,Ruvolo,Malina.Ruvolo@yopmail.com,Malina.Ruvolo@gmail.com,developer
1761,Romona,Capello,Romona.Capello@yopmail.com,Romona.Capello@gmail.com,firefighter
1762,Sheelagh,Brian,Sheelagh.Brian@yopmail.com,Sheelagh.Brian@gmail.com,developer
1763,Coral,Federica,Coral.Federica@yopmail.com,Coral.Federica@gmail.com,developer
1764,Alia,Hewitt,Alia.Hewitt@yopmail.com,Alia.Hewitt@gmail.com,firefighter
1765,Cordi,Glenden,Cordi.Glenden@yopmail.com,Cordi.Glenden@gmail.com,doctor
1766,Marsiella,Ventre,Marsiella.Ventre@yopmail.com,Marsiella.Ventre@gmail.com,police officer
1767,Lorenza,Neva,Lorenza.Neva@yopmail.com,Lorenza.Neva@gmail.com,police officer
1768,Janeczka,Quent,Janeczka.Quent@yopmail.com,Janeczka.Quent@gmail.com,firefighter
1769,Joceline,Weaks,Joceline.Weaks@yopmail.com,Joceline.Weaks@gmail.com,worker
1770,Cindelyn,Verger,Cindelyn.Verger@yopmail.com,Cindelyn.Verger@gmail.com,developer
1771,Wanda,Jacqui,Wanda.Jacqui@yopmail.com,Wanda.Jacqui@gmail.com,worker
1772,Sybille,Freddi,Sybille.Freddi@yopmail.com,Sybille.Freddi@gmail.com,worker
1773,Mary,Even,Mary.Even@yopmail.com,Mary.Even@gmail.com,police officer
1774,Harmonia,Crudden,Harmonia.Crudden@yopmail.com,Harmonia.Crudden@gmail.com,firefighter
1775,Caritta,Catie,Caritta.Catie@yopmail.com,Caritta.Catie@gmail.com,police officer
1776,Gabi,Stuart,Gabi.Stuart@yopmail.com,Gabi.Stuart@gmail.com,firefighter
1777,Blake,Carbo,Blake.Carbo@yopmail.com,Blake.Carbo@gmail.com,developer
1778,Sashenka,Gaspard,Sashenka.Gaspard@yopmail.com,Sashenka.Gaspard@gmail.com,developer
1779,Roz,Hull,Roz.Hull@yopmail.com,Roz.Hull@gmail.com,worker
1780,Grier,Lissi,Grier.Lissi@yopmail.com,Grier.Lissi@gmail.com,developer
1781,Hallie,Edison,Hallie.Edison@yopmail.com,Hallie.Edison@gmail.com,developer
1782,Beatriz,Leary,Beatriz.Leary@yopmail.com,Beatriz.Leary@gmail.com,doctor
1783,Doro,Vacuva,Doro.Vacuva@yopmail.com,Doro.Vacuva@gmail.com,firefighter
1784,Pierette,Haldas,Pierette.Haldas@yopmail.com,Pierette.Haldas@gmail.com,doctor
1785,Ariela,Khorma,Ariela.Khorma@yopmail.com,Ariela.Khorma@gmail.com,doctor
1786,Mady,Harned,Mady.Harned@yopmail.com,Mady.Harned@gmail.com,worker
1787,Veda,Tound,Veda.Tound@yopmail.com,Veda.Tound@gmail.com,police officer
1788,Gavrielle,Terrence,Gavrielle.Terrence@yopmail.com,Gavrielle.Terrence@gmail.com,police officer
1789,Dale,Corilla,Dale.Corilla@yopmail.com,Dale.Corilla@gmail.com,worker
1790,Brynna,Obed,Brynna.Obed@yopmail.com,Brynna.Obed@gmail.com,doctor
1791,Camile,Maroney,Camile.Maroney@yopmail.com,Camile.Maroney@gmail.com,developer
1792,Ana,Dorcy,Ana.Dorcy@yopmail.com,Ana.Dorcy@gmail.com,worker
1793,Madalyn,Ammann,Madalyn.Ammann@yopmail.com,Madalyn.Ammann@gmail.com,developer
1794,Silvana,Lattie,Silvana.Lattie@yopmail.com,Silvana.Lattie@gmail.com,police officer
1795,Kellen,Palocz,Kellen.Palocz@yopmail.com,Kellen.Palocz@gmail.com,doctor
1796,Vevay,Podvin,Vevay.Podvin@yopmail.com,Vevay.Podvin@gmail.com,worker
1797,Ursulina,Merriott,Ursulina.Merriott@yopmail.com,Ursulina.Merriott@gmail.com,doctor
1798,Antonietta,Lail,Antonietta.Lail@yopmail.com,Antonietta.Lail@gmail.com,doctor
1799,Tracey,Isidore,Tracey.Isidore@yopmail.com,Tracey.Isidore@gmail.com,worker
1800,Candi,Regan,Candi.Regan@yopmail.com,Candi.Regan@gmail.com,police officer
1801,Jolyn,Urania,Jolyn.Urania@yopmail.com,Jolyn.Urania@gmail.com,doctor
1802,Ardys,Tippets,Ardys.Tippets@yopmail.com,Ardys.Tippets@gmail.com,developer
1803,Miquela,Cookie,Miquela.Cookie@yopmail.com,Miquela.Cookie@gmail.com,worker
1804,Celisse,Wildermuth,Celisse.Wildermuth@yopmail.com,Celisse.Wildermuth@gmail.com,doctor
1805,Carolina,Sammons,Carolina.Sammons@yopmail.com,Carolina.Sammons@gmail.com,doctor
1806,Nicoli,McCutcheon,Nicoli.McCutcheon@yopmail.com,Nicoli.McCutcheon@gmail.com,firefighter
1807,Verla,Jenness,Verla.Jenness@yopmail.com,Verla.Jenness@gmail.com,doctor
1808,Sybille,Winnick,Sybille.Winnick@yopmail.com,Sybille.Winnick@gmail.com,developer
1809,Sallie,Ralfston,Sallie.Ralfston@yopmail.com,Sallie.Ralfston@gmail.com,worker
1810,Jemie,Lorain,Jemie.Lorain@yopmail.com,Jemie.Lorain@gmail.com,worker
1811,Fanchon,Eno,Fanchon.Eno@yopmail.com,Fanchon.Eno@gmail.com,worker
1812,Ermengarde,Euridice,Ermengarde.Euridice@yopmail.com,Ermengarde.Euridice@gmail.com,police officer
1813,Kathi,Ammann,Kathi.Ammann@yopmail.com,Kathi.Ammann@gmail.com,police officer
1814,Cristabel,Naor,Cristabel.Naor@yopmail.com,Cristabel.Naor@gmail.com,doctor
1815,Berta,Sholley,Berta.Sholley@yopmail.com,Berta.Sholley@gmail.com,worker
1816,Kara-Lynn,Gladstone,Kara-Lynn.Gladstone@yopmail.com,Kara-Lynn.Gladstone@gmail.com,police officer
1817,Adriana,Ophelia,Adriana.Ophelia@yopmail.com,Adriana.Ophelia@gmail.com,police officer
1818,Andeee,Phi,Andeee.Phi@yopmail.com,Andeee.Phi@gmail.com,firefighter
1819,Marylou,Talia,Marylou.Talia@yopmail.com,Marylou.Talia@gmail.com,police officer
1820,Tani,Tryck,Tani.Tryck@yopmail.com,Tani.Tryck@gmail.com,worker
1821,Selia,Ehrman,Selia.Ehrman@yopmail.com,Selia.Ehrman@gmail.com,firefighter
1822,Felice,Joni,Felice.Joni@yopmail.com,Felice.Joni@gmail.com,firefighter
1823,Elka,Elephus,Elka.Elephus@yopmail.com,Elka.Elephus@gmail.com,firefighter
1824,Lolita,Jary,Lolita.Jary@yopmail.com,Lolita.Jary@gmail.com,firefighter
1825,Bobinette,Hachmin,Bobinette.Hachmin@yopmail.com,Bobinette.Hachmin@gmail.com,doctor
1826,Netty,Burkle,Netty.Burkle@yopmail.com,Netty.Burkle@gmail.com,doctor
1827,Sam,Pond,Sam.Pond@yopmail.com,Sam.Pond@gmail.com,doctor
1828,Gwyneth,Carri,Gwyneth.Carri@yopmail.com,Gwyneth.Carri@gmail.com,firefighter
1829,Cassondra,Kinnard,Cassondra.Kinnard@yopmail.com,Cassondra.Kinnard@gmail.com,developer
1830,Nananne,Felizio,Nananne.Felizio@yopmail.com,Nananne.Felizio@gmail.com,police officer
1831,Beverley,Gower,Beverley.Gower@yopmail.com,Beverley.Gower@gmail.com,police officer
1832,Beverley,Harriman,Beverley.Harriman@yopmail.com,Beverley.Harriman@gmail.com,doctor
1833,Janeczka,Yuille,Janeczka.Yuille@yopmail.com,Janeczka.Yuille@gmail.com,worker
1834,Marleah,Wandie,Marleah.Wandie@yopmail.com,Marleah.Wandie@gmail.com,worker
1835,Starla,Aprile,Starla.Aprile@yopmail.com,Starla.Aprile@gmail.com,worker
1836,Lorenza,Bow,Lorenza.Bow@yopmail.com,Lorenza.Bow@gmail.com,doctor
1837,Berta,Edmund,Berta.Edmund@yopmail.com,Berta.Edmund@gmail.com,doctor
1838,Clo,Lubin,Clo.Lubin@yopmail.com,Clo.Lubin@gmail.com,firefighter
1839,Roz,Georas,Roz.Georas@yopmail.com,Roz.Georas@gmail.com,police officer
1840,Ezmeralda,Hanshaw,Ezmeralda.Hanshaw@yopmail.com,Ezmeralda.Hanshaw@gmail.com,firefighter
1841,Gabriellia,Infield,Gabriellia.Infield@yopmail.com,Gabriellia.Infield@gmail.com,developer
1842,Evita,Pandolfi,Evita.Pandolfi@yopmail.com,Evita.Pandolfi@gmail.com,police officer
1843,Carlie,Lynn,Carlie.Lynn@yopmail.com,Carlie.Lynn@gmail.com,doctor
1844,Tori,Bari,Tori.Bari@yopmail.com,Tori.Bari@gmail.com,worker
1845,Wanda,Emmaline,Wanda.Emmaline@yopmail.com,Wanda.Emmaline@gmail.com,doctor
1846,Kellen,Esmaria,Kellen.Esmaria@yopmail.com,Kellen.Esmaria@gmail.com,worker
1847,Sabina,Jotham,Sabina.Jotham@yopmail.com,Sabina.Jotham@gmail.com,worker
1848,Arabel,Ardra,Arabel.Ardra@yopmail.com,Arabel.Ardra@gmail.com,doctor
1849,Marcy,Earlie,Marcy.Earlie@yopmail.com,Marcy.Earlie@gmail.com,firefighter
1850,Regina,Noman,Regina.Noman@yopmail.com,Regina.Noman@gmail.com,doctor
1851,Janis,Cottle,Janis.Cottle@yopmail.com,Janis.Cottle@gmail.com,doctor
1852,Rosabelle,Shuler,Rosabelle.Shuler@yopmail.com,Rosabelle.Shuler@gmail.com,developer
1853,Cindelyn,Saunderson,Cindelyn.Saunderson@yopmail.com,Cindelyn.Saunderson@gmail.com,developer
1854,Oralee,Curren,Oralee.Curren@yopmail.com,Oralee.Curren@gmail.com,police officer
1855,Etta,Elisha,Etta.Elisha@yopmail.com,Etta.Elisha@gmail.com,worker
1856,Lusa,Rolf,Lusa.Rolf@yopmail.com,Lusa.Rolf@gmail.com,police officer
1857,Nonnah,Goode,Nonnah.Goode@yopmail.com,Nonnah.Goode@gmail.com,firefighter
1858,Bobinette,Ball,Bobinette.Ball@yopmail.com,Bobinette.Ball@gmail.com,developer
1859,Selma,Skell,Selma.Skell@yopmail.com,Selma.Skell@gmail.com,worker
1860,Marika,Katrine,Marika.Katrine@yopmail.com,Marika.Katrine@gmail.com,police officer
1861,Gretal,Syd,Gretal.Syd@yopmail.com,Gretal.Syd@gmail.com,police officer
1862,Carmencita,Marsden,Carmencita.Marsden@yopmail.com,Carmencita.Marsden@gmail.com,police officer
1863,Ariela,Gilmour,Ariela.Gilmour@yopmail.com,Ariela.Gilmour@gmail.com,firefighter
1864,Liana,Bollay,Liana.Bollay@yopmail.com,Liana.Bollay@gmail.com,doctor
1865,Alyssa,Leary,Alyssa.Leary@yopmail.com,Alyssa.Leary@gmail.com,doctor
1866,Christian,Lenny,Christian.Lenny@yopmail.com,Christian.Lenny@gmail.com,developer
1867,Cecile,Loeb,Cecile.Loeb@yopmail.com,Cecile.Loeb@gmail.com,developer
1868,Mathilda,Edvard,Mathilda.Edvard@yopmail.com,Mathilda.Edvard@gmail.com,developer
1869,Catharine,Abram,Catharine.Abram@yopmail.com,Catharine.Abram@gmail.com,doctor
1870,Dacia,Ortrude,Dacia.Ortrude@yopmail.com,Dacia.Ortrude@gmail.com,police officer
1871,Briney,Carleen,Briney.Carleen@yopmail.com,Briney.Carleen@gmail.com,developer
1872,Rosaline,Raffo,Rosaline.Raffo@yopmail.com,Rosaline.Raffo@gmail.com,police officer
1873,Jany,Orlene,Jany.Orlene@yopmail.com,Jany.Orlene@gmail.com,worker
1874,Annecorinne,August,Annecorinne.August@yopmail.com,Annecorinne.August@gmail.com,firefighter
1875,Carilyn,Dituri,Carilyn.Dituri@yopmail.com,Carilyn.Dituri@gmail.com,firefighter
1876,Kaia,Lesley,Kaia.Lesley@yopmail.com,Kaia.Lesley@gmail.com,police officer
1877,Valeda,Uird,Valeda.Uird@yopmail.com,Valeda.Uird@gmail.com,worker
1878,Karina,Love,Karina.Love@yopmail.com,Karina.Love@gmail.com,police officer
1879,Brianna,Docilla,Brianna.Docilla@yopmail.com,Brianna.Docilla@gmail.com,doctor
1880,Molli,Judye,Molli.Judye@yopmail.com,Molli.Judye@gmail.com,doctor
1881,Leeanne,Letsou,Leeanne.Letsou@yopmail.com,Leeanne.Letsou@gmail.com,worker
1882,Rani,Gillan,Rani.Gillan@yopmail.com,Rani.Gillan@gmail.com,worker
1883,Lolita,Shaver,Lolita.Shaver@yopmail.com,Lolita.Shaver@gmail.com,doctor
1884,Rozele,Vharat,Rozele.Vharat@yopmail.com,Rozele.Vharat@gmail.com,doctor
1885,Brena,Elbertina,Brena.Elbertina@yopmail.com,Brena.Elbertina@gmail.com,firefighter
1886,Celisse,Parsaye,Celisse.Parsaye@yopmail.com,Celisse.Parsaye@gmail.com,doctor
1887,Codie,Saree,Codie.Saree@yopmail.com,Codie.Saree@gmail.com,doctor
1888,Gerianna,Dex,Gerianna.Dex@yopmail.com,Gerianna.Dex@gmail.com,developer
1889,Giustina,Gibbeon,Giustina.Gibbeon@yopmail.com,Giustina.Gibbeon@gmail.com,firefighter
1890,Heddie,Helve,Heddie.Helve@yopmail.com,Heddie.Helve@gmail.com,doctor
1891,Tamqrah,Suk,Tamqrah.Suk@yopmail.com,Tamqrah.Suk@gmail.com,firefighter
1892,Willetta,Meter,Willetta.Meter@yopmail.com,Willetta.Meter@gmail.com,firefighter
1893,Chickie,Bari,Chickie.Bari@yopmail.com,Chickie.Bari@gmail.com,firefighter
1894,Nonnah,Donell,Nonnah.Donell@yopmail.com,Nonnah.Donell@gmail.com,doctor
1895,Danika,Urias,Danika.Urias@yopmail.com,Danika.Urias@gmail.com,police officer
1896,Sabina,Ramona,Sabina.Ramona@yopmail.com,Sabina.Ramona@gmail.com,firefighter
1897,Tilly,Eldrid,Tilly.Eldrid@yopmail.com,Tilly.Eldrid@gmail.com,police officer
1898,Tori,Daveta,Tori.Daveta@yopmail.com,Tori.Daveta@gmail.com,developer
1899,Codie,Pip,Codie.Pip@yopmail.com,Codie.Pip@gmail.com,worker
1900,Myriam,Obed,Myriam.Obed@yopmail.com,Myriam.Obed@gmail.com,doctor
1901,Ada,Atonsah,Ada.Atonsah@yopmail.com,Ada.Atonsah@gmail.com,police officer
1902,Althea,Monaco,Althea.Monaco@yopmail.com,Althea.Monaco@gmail.com,firefighter
1903,Norine,Rosette,Norine.Rosette@yopmail.com,Norine.Rosette@gmail.com,police officer
1904,Pamella,Tengdin,Pamella.Tengdin@yopmail.com,Pamella.Tengdin@gmail.com,police officer
1905,Pamella,Lumbard,Pamella.Lumbard@yopmail.com,Pamella.Lumbard@gmail.com,worker
1906,Annaliese,Fink,Annaliese.Fink@yopmail.com,Annaliese.Fink@gmail.com,worker
1907,Romona,Pulsifer,Romona.Pulsifer@yopmail.com,Romona.Pulsifer@gmail.com,police officer
1908,Kary,Infield,Kary.Infield@yopmail.com,Kary.Infield@gmail.com,developer
1909,Leontine,Argus,Leontine.Argus@yopmail.com,Leontine.Argus@gmail.com,police officer
1910,Laure,Hanshaw,Laure.Hanshaw@yopmail.com,Laure.Hanshaw@gmail.com,police officer
1911,Tilly,Jotham,Tilly.Jotham@yopmail.com,Tilly.Jotham@gmail.com,doctor
1912,Shell,Evangelia,Shell.Evangelia@yopmail.com,Shell.Evangelia@gmail.com,worker
1913,Julieta,Merna,Julieta.Merna@yopmail.com,Julieta.Merna@gmail.com,firefighter
1914,Harrietta,Dermott,Harrietta.Dermott@yopmail.com,Harrietta.Dermott@gmail.com,developer
1915,Marcy,Margret,Marcy.Margret@yopmail.com,Marcy.Margret@gmail.com,firefighter
1916,Heida,Vorster,Heida.Vorster@yopmail.com,Heida.Vorster@gmail.com,police officer
1917,Jenilee,Roarke,Jenilee.Roarke@yopmail.com,Jenilee.Roarke@gmail.com,firefighter
1918,Melina,Berard,Melina.Berard@yopmail.com,Melina.Berard@gmail.com,doctor
1919,Elyssa,Soneson,Elyssa.Soneson@yopmail.com,Elyssa.Soneson@gmail.com,doctor
1920,Phedra,Fillbert,Phedra.Fillbert@yopmail.com,Phedra.Fillbert@gmail.com,firefighter
1921,Consuela,Alejoa,Consuela.Alejoa@yopmail.com,Consuela.Alejoa@gmail.com,firefighter
1922,Arlina,Gower,Arlina.Gower@yopmail.com,Arlina.Gower@gmail.com,firefighter
1923,Luci,Heidt,Luci.Heidt@yopmail.com,Luci.Heidt@gmail.com,police officer
1924,Bobinette,Uird,Bobinette.Uird@yopmail.com,Bobinette.Uird@gmail.com,police officer
1925,Robbi,Etom,Robbi.Etom@yopmail.com,Robbi.Etom@gmail.com,developer
1926,Tilly,Greyson,Tilly.Greyson@yopmail.com,Tilly.Greyson@gmail.com,worker
1927,Mathilda,Hathaway,Mathilda.Hathaway@yopmail.com,Mathilda.Hathaway@gmail.com,worker
1928,Max,Lemuela,Max.Lemuela@yopmail.com,Max.Lemuela@gmail.com,firefighter
1929,Adele,Adlare,Adele.Adlare@yopmail.com,Adele.Adlare@gmail.com,doctor
1930,Caritta,Hedve,Caritta.Hedve@yopmail.com,Caritta.Hedve@gmail.com,police officer
1931,Theodora,Melony,Theodora.Melony@yopmail.com,Theodora.Melony@gmail.com,worker
1932,Dennie,Percy,Dennie.Percy@yopmail.com,Dennie.Percy@gmail.com,police officer
1933,Lila,Muriel,Lila.Muriel@yopmail.com,Lila.Muriel@gmail.com,developer
1934,Lorne,Shields,Lorne.Shields@yopmail.com,Lorne.Shields@gmail.com,developer
1935,Dacia,Ranjiv,Dacia.Ranjiv@yopmail.com,Dacia.Ranjiv@gmail.com,firefighter
1936,Marguerite,Glenden,Marguerite.Glenden@yopmail.com,Marguerite.Glenden@gmail.com,worker
1937,Ann-Marie,Ellerey,Ann-Marie.Ellerey@yopmail.com,Ann-Marie.Ellerey@gmail.com,police officer
1938,Kenna,Claudine,Kenna.Claudine@yopmail.com,Kenna.Claudine@gmail.com,worker
1939,Blondelle,Monk,Blondelle.Monk@yopmail.com,Blondelle.Monk@gmail.com,worker
1940,Joceline,Wallis,Joceline.Wallis@yopmail.com,Joceline.Wallis@gmail.com,doctor
1941,Ileana,Marlie,Ileana.Marlie@yopmail.com,Ileana.Marlie@gmail.com,developer
1942,Cherilyn,Verger,Cherilyn.Verger@yopmail.com,Cherilyn.Verger@gmail.com,doctor
1943,Jacenta,Sinegold,Jacenta.Sinegold@yopmail.com,Jacenta.Sinegold@gmail.com,worker
1944,Cristine,Persse,Cristine.Persse@yopmail.com,Cristine.Persse@gmail.com,firefighter
1945,Roberta,Burnside,Roberta.Burnside@yopmail.com,Roberta.Burnside@gmail.com,doctor
1946,Michaelina,Dituri,Michaelina.Dituri@yopmail.com,Michaelina.Dituri@gmail.com,developer
1947,Susan,Sibyls,Susan.Sibyls@yopmail.com,Susan.Sibyls@gmail.com,police officer
1948,Helsa,Wenda,Helsa.Wenda@yopmail.com,Helsa.Wenda@gmail.com,police officer
1949,Allyce,Hanleigh,Allyce.Hanleigh@yopmail.com,Allyce.Hanleigh@gmail.com,police officer
1950,Elka,Johnsson,Elka.Johnsson@yopmail.com,Elka.Johnsson@gmail.com,police officer
1951,Philis,Arne,Philis.Arne@yopmail.com,Philis.Arne@gmail.com,doctor
1952,Larine,Reidar,Larine.Reidar@yopmail.com,Larine.Reidar@gmail.com,doctor
1953,Chloris,Ries,Chloris.Ries@yopmail.com,Chloris.Ries@gmail.com,firefighter
1954,Merrie,Fennessy,Merrie.Fennessy@yopmail.com,Merrie.Fennessy@gmail.com,worker
1955,Teddie,Hermes,Teddie.Hermes@yopmail.com,Teddie.Hermes@gmail.com,doctor
1956,Christian,Sallyann,Christian.Sallyann@yopmail.com,Christian.Sallyann@gmail.com,worker
1957,Edee,Longfellow,Edee.Longfellow@yopmail.com,Edee.Longfellow@gmail.com,firefighter
1958,Ermengarde,Egbert,Ermengarde.Egbert@yopmail.com,Ermengarde.Egbert@gmail.com,worker
1959,Christy,Mozelle,Christy.Mozelle@yopmail.com,Christy.Mozelle@gmail.com,doctor
1960,Emelina,Korey,Emelina.Korey@yopmail.com,Emelina.Korey@gmail.com,firefighter
1961,Marinna,Liva,Marinna.Liva@yopmail.com,Marinna.Liva@gmail.com,firefighter
1962,Rochette,Garbe,Rochette.Garbe@yopmail.com,Rochette.Garbe@gmail.com,police officer
1963,Quintina,Huggins,Quintina.Huggins@yopmail.com,Quintina.Huggins@gmail.com,police officer
1964,Lexine,Bury,Lexine.Bury@yopmail.com,Lexine.Bury@gmail.com,firefighter
1965,Gilda,Pillsbury,Gilda.Pillsbury@yopmail.com,Gilda.Pillsbury@gmail.com,firefighter
1966,Adele,Vastah,Adele.Vastah@yopmail.com,Adele.Vastah@gmail.com,firefighter
1967,Madeleine,Publia,Madeleine.Publia@yopmail.com,Madeleine.Publia@gmail.com,doctor
1968,Rayna,Bultman,Rayna.Bultman@yopmail.com,Rayna.Bultman@gmail.com,police officer
1969,Keelia,Lenny,Keelia.Lenny@yopmail.com,Keelia.Lenny@gmail.com,firefighter
1970,Marline,Karl,Marline.Karl@yopmail.com,Marline.Karl@gmail.com,firefighter
1971,Mireielle,Schlosser,Mireielle.Schlosser@yopmail.com,Mireielle.Schlosser@gmail.com,developer
1972,Violet,Bendick,Violet.Bendick@yopmail.com,Violet.Bendick@gmail.com,developer
1973,Annecorinne,August,Annecorinne.August@yopmail.com,Annecorinne.August@gmail.com,worker
1974,Carmela,Lorain,Carmela.Lorain@yopmail.com,Carmela.Lorain@gmail.com,developer
1975,Gusty,Rosette,Gusty.Rosette@yopmail.com,Gusty.Rosette@gmail.com,worker
1976,Dulcinea,Malanie,Dulcinea.Malanie@yopmail.com,Dulcinea.Malanie@gmail.com,firefighter
1977,Kellen,Faria,Kellen.Faria@yopmail.com,Kellen.Faria@gmail.com,firefighter
1978,Tabbatha,Cottle,Tabbatha.Cottle@yopmail.com,Tabbatha.Cottle@gmail.com,police officer
1979,Riannon,Dannye,Riannon.Dannye@yopmail.com,Riannon.Dannye@gmail.com,firefighter
1980,Josephine,Dimitris,Josephine.Dimitris@yopmail.com,Josephine.Dimitris@gmail.com,police officer
1981,Ingrid,Cristi,Ingrid.Cristi@yopmail.com,Ingrid.Cristi@gmail.com,worker
1982,Mildrid,Miru,Mildrid.Miru@yopmail.com,Mildrid.Miru@gmail.com,doctor
1983,Shaine,Kaja,Shaine.Kaja@yopmail.com,Shaine.Kaja@gmail.com,worker
1984,Fred,Sperling,Fred.Sperling@yopmail.com,Fred.Sperling@gmail.com,firefighter
1985,Iseabal,Sothena,Iseabal.Sothena@yopmail.com,Iseabal.Sothena@gmail.com,developer
1986,Rosabelle,Tacye,Rosabelle.Tacye@yopmail.com,Rosabelle.Tacye@gmail.com,firefighter
1987,Dorothy,Fry,Dorothy.Fry@yopmail.com,Dorothy.Fry@gmail.com,developer
1988,Netty,Bow,Netty.Bow@yopmail.com,Netty.Bow@gmail.com,police officer
1989,Phedra,Anyah,Phedra.Anyah@yopmail.com,Phedra.Anyah@gmail.com,worker
1990,Chastity,Stilwell,Chastity.Stilwell@yopmail.com,Chastity.Stilwell@gmail.com,doctor
1991,Carmela,Elsinore,Carmela.Elsinore@yopmail.com,Carmela.Elsinore@gmail.com,worker
1992,Elvira,Kiyoshi,Elvira.Kiyoshi@yopmail.com,Elvira.Kiyoshi@gmail.com,worker
1993,Sonni,Fontana,Sonni.Fontana@yopmail.com,Sonni.Fontana@gmail.com,police officer
1994,Edee,Shuler,Edee.Shuler@yopmail.com,Edee.Shuler@gmail.com,developer
1995,Odessa,Melony,Odessa.Melony@yopmail.com,Odessa.Melony@gmail.com,doctor
1996,Lulita,Matthew,Lulita.Matthew@yopmail.com,Lulita.Matthew@gmail.com,worker
1997,Magdalena,Juliet,Magdalena.Juliet@yopmail.com,Magdalena.Juliet@gmail.com,developer
1998,Halette,Ashely,Halette.Ashely@yopmail.com,Halette.Ashely@gmail.com,worker
1999,Ottilie,Sigfrid,Ottilie.Sigfrid@yopmail.com,Ottilie.Sigfrid@gmail.com,worker